date,close,volume
2024-01-21,99.97360628245706,3596227.475551676
2024-01-22,99.83277659629127,2254650.4324647593
2024-01-23,102.08313624512321,3411880.099074715
2024-01-24,101.70402052659769,3289249.638600586
2024-01-25,101.77846508996225,3812998.328537183
2024-01-26,102.68264690515738,2475307.781008022
2024-01-27,102.59466634381444,4970457.824029871
2024-01-28,103.17027332806626,2514251.226476949
2024-01-29,103.58517996401645,3560113.3636174398
2024-01-30,104.44238498666374,2716236.99436533
2024-01-31,103.05450681626716,2794744.3492228338
2024-02-01,103.88235622990206,2387854.4418866257
2024-02-02,103.76407258526105,3679030.3342279573
2024-02-03,103.97125117059505,3745338.4275826802
2024-02-04,103.60459303508165,3313319.585217537
2024-02-05,105.28364176487364,4131736.4284600145
2024-02-06,103.25657263378112,3847490.2708808864
2024-02-07,104.67588962008729,3124531.485671081
2024-02-08,104.01688249888511,4594643.296335375
2024-02-09,105.56586763348106,3172511.3623216506
2024-02-10,106.80708359673453,4227143.65293666
2024-02-11,107.84207211351723,3023447.7304703244
2024-02-12,108.69020209586694,3013728.864603366
2024-02-13,110.97649480407712,4786429.701841419
2024-02-14,110.40153913394369,2448065.3788230307
2024-02-15,109.84026959641528,2780541.9014933193
2024-02-16,109.20437545023141,1822641.5885441902
2024-02-17,110.14952430358828,2554176.569246256
2024-02-18,108.87036295933743,2422726.849258873
2024-02-19,109.90152982654818,2560020.2921570474
2024-02-20,109.63308964378152,3101838.049280904
2024-02-21,108.5853765784262,2804006.767621812
2024-02-22,107.52777568086985,4308312.83196646
2024-02-23,106.75100191785043,6323693.44315961
2024-02-24,105.28495933599005,2641774.530138255
2024-02-25,105.81908810166361,4369683.413338085
2024-02-26,106.69087896610668,3458151.502491121
2024-02-27,107.66955240338011,2681949.4275775612
2024-02-28,107.06306835425312,3052230.9894418437
2024-02-29,107.39099936712866,2586419.585069985
2024-03-01,107.41620505206421,2736574.6547610736
2024-03-02,108.12773695970674,5958587.925514927
2024-03-03,108.59259911878405,3917003.641057059
2024-03-04,108.70287865127509,2301013.4885999477
2024-03-05,106.86453575193498,2757466.065735269
2024-03-06,106.71795570801615,3587538.397715988
2024-03-07,106.84883218815361,2281578.624972201
2024-03-08,106.17405954414261,2885136.3421949325
2024-03-09,105.92488397820362,3148231.2138208854
2024-03-10,104.64565882819285,4327203.615341319
2024-03-11,104.34455338109025,3565902.4116361886
2024-03-12,104.87042212325072,5953277.591549929
2024-03-13,106.97948169445469,1549295.1572161368
2024-03-14,105.9867724396544,2174577.6490464057
2024-03-15,105.98279836938475,3060102.114827324
2024-03-16,105.04132931934622,3305875.9577064128
2024-03-17,105.32071370825906,4779425.149673122
2024-03-18,105.40816204284195,3926317.299359808
2024-03-19,105.61792321134577,3988052.166356734
2024-03-20,106.61204278973617,3607735.057804847
2024-03-21,106.79486094743427,4182747.9065616056
2024-03-22,106.70036892732993,4842023.486636623
2024-03-23,107.90683735994658,3047629.439118708
2024-03-24,108.10662901080975,2534239.6036566123
2024-03-25,109.64307062844324,3496865.633384622
2024-03-26,108.02903860881513,4374571.56337229
2024-03-27,109.83100950981088,3686153.659345264
2024-03-28,109.2332818089237,2013772.0333005176
2024-03-29,108.16688251606494,2966583.7982959226
2024-03-30,116.415727785103,9242372.189086393
2024-03-31,106.99842676831197,2702259.304148065
2024-04-01,107.5873662633162,2056843.4394324233
2024-04-02,107.14472240777577,3574270.4235435287
2024-04-03,107.4520775126083,4616712.096180911
2024-04-04,106.49473880177001,3517435.9074333063
2024-04-05,106.29230254333407,2487359.60835291
2024-04-06,106.40923431121428,4561165.3478334155
2024-04-07,106.2408499623338,2646592.7382645775
2024-04-08,107.85245212070674,3154402.5048036925
2024-04-09,108.45826294798152,4098560.981470581
2024-04-10,108.68193833999656,3321865.070093454
2024-04-11,106.84541763959798,3022749.0461062347
2024-04-12,107.24360709576845,3258951.6401999146
2024-04-13,108.49974741094012,3169234.7579647945
2024-04-14,107.82977560740508,2874049.0185042466
2024-04-15,107.65142091519334,4415805.667047168
2024-04-16,104.64568104227074,3108137.4047737606
2024-04-17,103.420054818859,2767333.9684500583
2024-04-18,101.35601534734569,3041960.1979746725
2024-04-19,101.48013699363831,4453064.717190678
2024-04-20,101.34990349956698,2729228.311513966
2024-04-21,101.26408699645627,3530821.022307765
2024-04-22,100.8471328574804,3964675.7363573518
2024-04-23,101.88626917374563,2906500.9719995707
2024-04-24,100.67346594741467,2734510.2396107824
2024-04-25,100.61934140911522,2630471.808477009
2024-04-26,101.23573059186675,3047830.317600228
2024-04-27,101.0763380297355,3317165.155083978
2024-04-28,101.00554296196114,4665756.697527282
2024-04-29,100.20046333304549,3230952.539278213
2024-04-30,98.21508057074836,3793057.7619794975
2024-05-01,100.62384467945934,3736006.4576673964
2024-05-02,98.19253880368026,5333536.198611611
2024-05-03,98.48635344574954,4180408.934955995
2024-05-04,97.92213831767735,2824656.473406386
2024-05-05,97.87183181996288,3427225.6271169796
2024-05-06,99.66501304998896,3486968.101860203
2024-05-07,99.23838375740156,3299023.5195796615
2024-05-08,100.74775833601073,2939216.3586010947
2024-05-09,101.86806705738347,4912939.614691738
2024-05-10,101.9179633753376,4025030.985243871
2024-05-11,102.02506918625423,4330830.681123784
2024-05-12,102.22630412844585,2379825.107845307
2024-05-13,101.42113233125862,3968508.3798001925
2024-05-14,102.06797109816065,3054074.0949336975
2024-05-15,101.47527325106228,4065120.3009181675
2024-05-16,101.53101558657934,6795902.176780878
2024-05-17,99.35505297508621,3381836.0507145054
2024-05-18,98.51177028575782,3347529.2253830023
2024-05-19,99.06686964879724,2014957.0209923692
2024-05-20,97.96340635358594,4822369.584166727
2024-05-21,98.31737144630729,2205602.286653174
2024-05-22,97.83014099109327,2170478.6113952175
2024-05-23,98.84029116222139,3960260.072939489
2024-05-24,100.11823513109356,2263119.6037926464
2024-05-25,100.31586004980814,4176889.7055353597
2024-05-26,100.32099263335091,2466706.9617880736
2024-05-27,100.381428747678,3048318.9104334195
2024-05-28,100.37998397803406,4910939.673119288
2024-05-29,101.59164056103047,3418289.650377061
2024-05-30,104.11650524633292,2447278.3146846527
2024-05-31,102.80304411955798,4143460.328966816
2024-06-01,101.79477146587054,2423259.1334761176
2024-06-02,103.17794112995716,4567681.102238007
2024-06-03,102.05566653646441,4833249.757673784
2024-06-04,100.70364107155193,3300745.363954673
2024-06-05,102.83901250706842,2633948.411704801
2024-06-06,102.58473762156336,3314030.3925146367
2024-06-07,102.35459219822214,2306027.4284525327
2024-06-08,101.86576179828991,4371541.708264076
2024-06-09,102.46710252769833,2503202.7396641923
2024-06-10,101.35400244708728,2967286.327793405
2024-06-11,103.14839167167459,4113236.8215272767
2024-06-12,103.92143799567724,2586010.749962428
2024-06-13,103.88963776390933,4752123.746441409
2024-06-14,103.35793216444824,2768063.746519834
2024-06-15,103.48618910450791,3219526.6855244315
2024-06-16,104.55015875593232,2417758.3062357283
2024-06-17,107.18760138456852,4419131.549745727
2024-06-18,108.71636975892751,4049941.68486663
2024-06-19,109.74927224600017,2972151.446395922
2024-06-20,109.81231798654757,3131826.2281105486
2024-06-21,111.0648225971862,4711215.48593365
2024-06-22,110.738411756248,3707752.477667992
2024-06-23,111.09029513968764,3605024.727960721
2024-06-24,112.28099106807305,4122798.999037568
2024-06-25,112.90776475979158,3730878.4010565914
2024-06-26,112.26307176702659,3434706.020395777
2024-06-27,110.75029789342551,3465650.457582687
2024-06-28,111.27179450307806,1880778.0386128246
2024-06-29,111.42643094270298,2657174.458790981
2024-06-30,112.37642071126338,1378590.5376005815
2024-07-01,112.45431017302657,4049497.864469155
2024-07-02,112.09472653949396,2752284.658980758
2024-07-03,113.1686796432915,4555427.124271615
2024-07-04,114.18499299637612,1900268.1955019056
2024-07-05,111.91016500391602,8980009.582898218
2024-07-06,110.5966839734981,2843336.0586553104
2024-07-07,110.74651859907559,4188467.4265561174
2024-07-08,110.7012807313164,3629110.175191143
2024-07-09,110.53429568150676,4878710.993272265
2024-07-10,111.37822817974853,4269959.385393671
2024-07-11,113.41372659470953,2151668.576694032
2024-07-12,112.40227846141543,6002610.388484269
2024-07-13,112.35476068513967,5258773.961473146
2024-07-14,112.3493791267427,4093346.9060877208
2024-07-15,112.91847806968786,5680326.615530124
2024-07-16,111.37103259053889,2426411.4678029846
2024-07-17,111.85846246887887,1515350.294047192
2024-07-18,111.91516348458283,2133429.51841374
2024-07-19,113.9740628495205,1552350.2197735242
2024-07-20,114.37887364069921,3566298.1514627747
2024-07-21,113.69834608561433,5253286.750165682
2024-07-22,112.22119137873904,3875873.062392049
2024-07-23,112.14324666300122,3254936.5906372676
2024-07-24,111.41359706955794,2941808.3437400144
2024-07-25,111.009926381202,4811175.086488806
2024-07-26,111.37557884008461,3037371.0020464505
2024-07-27,111.63059664265315,4337194.862202221
2024-07-28,111.84449716040413,3224369.025240141
2024-07-29,113.25675970969306,3831646.8230668963
2024-07-30,113.6847154027701,2212001.820627139
2024-07-31,116.4181956584638,3955097.869259213
2024-08-01,116.59953058350531,4048320.0287070405
2024-08-02,116.21263439319941,3272955.029411312
2024-08-03,114.73554093208708,4126768.12730068
2024-08-04,113.44116938502492,2652311.6392251384
2024-08-05,114.3679845275274,3193736.8685201597
2024-08-06,115.03691685616052,3639525.715761671
2024-08-07,114.96721813022778,5132936.534989514
2024-08-08,114.7628393160127,3074073.3393952264
2024-08-09,113.89523446881027,3749140.3319516946
2024-08-10,113.74886688885077,3341910.800428471
2024-08-11,113.8923558629576,1848111.1306403559
2024-08-12,111.89466996208716,3578144.256513701
2024-08-13,112.63986306922388,3254741.6484266953
2024-08-14,110.63261920873866,3705724.3207819047
2024-08-15,110.98959754018766,3430747.9374447553
2024-08-16,110.96489921649476,4057753.3757449635
2024-08-17,111.27697328827561,2158855.5258339127
2024-08-18,110.64847439204671,2119035.5476747327
2024-08-19,113.17796477120848,4306778.418505899
2024-08-20,113.1000451201046,2834002.014595992
2024-08-21,113.75546129156831,3232047.0101701897
2024-08-22,113.59652568652133,5884948.628371822
2024-08-23,113.54127133177028,3421435.367813628
2024-08-24,123.39001265202799,7016039.049387077
2024-08-25,115.76926013644015,2895257.8568292176
2024-08-26,117.18943526199325,3818989.897326419
2024-08-27,117.16304796362444,3417055.5276111136
2024-08-28,117.23974931201755,2696067.0755325523
2024-08-29,117.59082952969939,3144452.928239695
2024-08-30,117.34904863616113,3670297.3516692673
2024-08-31,116.6597837166531,3211827.487542046
2024-09-01,116.84624290218329,5498847.167584244
2024-09-02,117.33956555344932,3973429.433942905
2024-09-03,117.88326973046499,3377916.257426927
2024-09-04,117.8277340727496,4770406.37777381
2024-09-05,117.18969501765461,5501065.06655897
2024-09-06,117.7089610309057,3774128.524867452
2024-09-07,118.12995876287175,3249024.4176271968
2024-09-08,117.23091184540561,2675657.139871766
2024-09-09,120.34821978230796,5278578.686166831
2024-09-10,118.97957095304105,3102379.1214720826
2024-09-11,118.11732382035082,12850946.709029933
2024-09-12,117.72346222900644,2268227.923317712
2024-09-13,116.52932439228375,2705908.401593937
2024-09-14,116.98377911564651,2621344.7636278966
2024-09-15,116.47833441349582,3171135.0235996726
2024-09-16,116.22422805717324,2115540.70827277
2024-09-17,123.04665876276665,9691956.08520288
2024-09-18,115.9585995823773,2868132.383334887
2024-09-19,122.98627466391459,11973846.564636143
2024-09-20,114.05914094511581,1919459.4484472694
2024-09-21,114.43433616880463,2451771.928852379
2024-09-22,115.06627193177756,4783985.099640502
2024-09-23,115.56852481189384,3066328.0339201274
2024-09-24,114.36899383638861,5825572.353186424
2024-09-25,113.9765011666584,2272393.8217209456
2024-09-26,113.25196802166708,3299579.8020616234
2024-09-27,112.09987147517708,2359254.9715445745
2024-09-28,110.35959502477378,3198627.810512407
2024-09-29,110.85817397714085,1316038.405468319
2024-09-30,112.0577626130424,4204108.570071928
2024-10-01,111.50634684956516,3940754.981037813
2024-10-02,112.29292542892195,4866796.229788571
2024-10-03,112.84953893080022,3883294.885960809
2024-10-04,111.96533778980381,3609455.051980632
2024-10-05,111.87085622427503,2665451.9844051157
2024-10-06,111.93241153684139,2420613.081346534
2024-10-07,112.69156958807885,1578769.6610690926
2024-10-08,112.82128502213689,5275539.50414979
2024-10-09,111.09836732382446,2343369.4720390597
2024-10-10,112.94926097097553,2930135.516762854
2024-10-11,113.35827045889607,2587469.45206415
2024-10-12,112.38404827058977,4322250.684946072
2024-10-13,110.86669062410353,3187184.251535559
2024-10-14,110.01519155049014,2807240.4877271336
2024-10-15,109.68461041018817,4184839.589078263
2024-10-16,109.0254297900999,3094722.14752646
2024-10-17,108.5701322285576,4268304.612470946
2024-10-18,107.57065141420598,3899561.2643711627
2024-10-19,108.14612449419053,2965722.9331622636
2024-10-20,107.11773009384169,2869508.036269239
2024-10-21,107.67660773459224,3315612.450650167
2024-10-22,108.37542004942074,2562312.304884151
2024-10-23,106.89173211956864,3454448.7434922103
2024-10-24,106.43933645416892,2528401.017112918
2024-10-25,113.2769692293238,10554320.122998986
2024-10-26,107.54643992664737,3212241.164557562
2024-10-27,108.43275859749525,2702735.5225216537
2024-10-28,109.5364657489484,2282585.7551351604
2024-10-29,108.42954434609516,3997044.7225618213
2024-10-30,108.01331821392442,2837366.1095521306
2024-10-31,108.32263483964002,2333584.805869089
2024-11-01,108.05897813352509,3504724.9594307
2024-11-02,108.40915985922726,3490995.295504138
2024-11-03,109.89133787538825,2771361.3036586423
2024-11-04,109.70618469835192,4948129.512083213
2024-11-05,109.93909211174636,3462151.1967898235
2024-11-06,109.82570941603903,3805473.984657402
2024-11-07,107.78171562556813,3029718.221379293
2024-11-08,106.95561955386225,3737549.0658780136
2024-11-09,106.75297718448324,4775697.063979735
2024-11-10,106.30291861102286,1599931.2969310891
2024-11-11,107.10657505218023,5706740.934573738
2024-11-12,108.19603369482331,2458979.1980082323
2024-11-13,107.5103324670412,6048317.047831471
2024-11-14,108.58572722984951,3791927.346817498
2024-11-15,108.06875910627753,2402344.2284115534
2024-11-16,108.3791398636368,2506907.7238084227
2024-11-17,107.99077366333984,5179149.972153777
2024-11-18,106.65007975194106,2141711.072376423
2024-11-19,105.87436977543713,2691908.4352892097
2024-11-20,104.22955070694559,2597094.584526368
2024-11-21,105.04653888441165,3740696.2358148806
2024-11-22,106.41422123272042,2959651.5487547657
2024-11-23,107.33191533877395,5272716.972332074
2024-11-24,107.03388552483528,3233768.2983490257
2024-11-25,107.74699799137768,4009510.822187082
2024-11-26,105.80690768960599,4111767.591994705
2024-11-27,106.8498992053473,2825350.482054871
2024-11-28,108.7199342910893,5128459.314211778
2024-11-29,109.40367878920729,3526303.71873382
2024-11-30,108.91270166743308,4955526.52115496
2024-12-01,109.76527196126351,3063075.80684646
2024-12-02,109.83976177847,4449697.64566063
2024-12-03,108.81640142305156,2824110.118752016
2024-12-04,107.47561864134755,3109707.704575034
2024-12-05,107.26199071998411,2176899.2657875554
2024-12-06,107.30307767786442,2733053.018387459
2024-12-07,104.74214749997763,2711505.8479446396
2024-12-08,107.67168077994653,2941644.090784749
2024-12-09,107.24624617697027,3310782.862164085
2024-12-10,108.56194443670944,4122106.1952895443
2024-12-11,108.60649963523707,3353192.383733822
2024-12-12,109.8935361675935,3560875.925127669
2024-12-13,112.12941195672084,3479107.201217759
2024-12-14,111.60108134232249,3292809.092819068
2024-12-15,111.27625207220628,3797012.8959537195
2024-12-16,111.88967144087876,2505704.3606859418
2024-12-17,112.887826778327,3674669.269990926
2024-12-18,113.12340682787107,2240424.644592373
2024-12-19,112.97855432493985,3863595.933094245
2024-12-20,111.59737892000611,3137484.0087903864
2024-12-21,111.7048571997989,5061273.445687955
2024-12-22,110.69481478121979,2232895.310553112
2024-12-23,110.71664810297518,1994295.2995341988
2024-12-24,111.94849755022993,4403354.689933008
2024-12-25,112.3522870771871,3954360.6472153235
2024-12-26,112.72073969545684,3341064.414531476
2024-12-27,111.18904678609529,4660733.005721274
2024-12-28,111.68830149617199,4159356.4398300024
2024-12-29,111.17169622997885,2477060.676914491
2024-12-30,109.24553956991245,2944807.8309425106
2024-12-31,110.58819539066445,3592790.975470261
2025-01-01,110.35298656455214,3102646.5119608967
2025-01-02,110.41251507982363,2801041.8464824194
2025-01-03,110.9044185419016,4498608.154118598
2025-01-04,112.18289907201074,2976521.7560546696
2025-01-05,111.44797686090216,3948990.0859742565
2025-01-06,112.92606282612363,2951910.4578902116
2025-01-07,112.90108646953855,2790417.9733248735
2025-01-08,112.11638579813598,4158673.3947872883
2025-01-09,117.32517738978896,10160306.219259875
2025-01-10,111.62887444785568,2548961.3504532496
2025-01-11,111.54585423712601,4261161.192762911
2025-01-12,113.07078711921262,4670801.368785001
2025-01-13,111.19960585734283,2362706.078726896
2025-01-14,111.28517297502358,2671789.185638254
2025-01-15,111.28815201752195,6814779.455974043
2025-01-16,110.9925801980898,2480087.9758601263
2025-01-17,110.5464216905608,3278724.6258548074
2025-01-18,111.2468433570292,2121899.9628736293
2025-01-19,110.66075393452596,3274133.6529988996
2025-01-20,107.78608426094358,2868611.36560955
2025-01-21,106.296399587323,2970333.770649442
2025-01-22,106.00649566465866,3082254.6062652227
2025-01-23,106.93187662422918,4029668.170234209
2025-01-24,107.50610161105254,2140893.240373094
2025-01-25,105.36744696207613,2101894.638755799
2025-01-26,105.94106877051574,3226276.0313945767
2025-01-27,106.06862984471495,1874245.977304305
2025-01-28,105.5607771540594,3057476.3620508653
2025-01-29,105.07060023364882,2147881.1831534705
2025-01-30,105.67639792300102,4069102.8716209955
2025-01-31,105.98784568561724,2119182.44551904
2025-02-01,105.7670002589386,11575334.071061024
2025-02-02,103.92831624410874,3106776.419649359
2025-02-03,104.0588527349463,4368208.66955731
2025-02-04,105.93125371045134,5553266.885362092
2025-02-05,107.00146172461432,5809542.629601972
2025-02-06,107.61567095760802,3664882.70703974
2025-02-07,106.56821664525759,5975341.885620921
2025-02-08,105.77342427660167,3497033.9785075793
2025-02-09,106.45446263877598,2930992.103584873
2025-02-10,107.27422455770515,3222326.476344351
2025-02-11,106.48523144103625,4330182.405470974
2025-02-12,106.33717658005308,2608086.3843011744
2025-02-13,105.51880603968033,2404413.113402591
2025-02-14,104.95872302260304,2291046.513012004
2025-02-15,105.9842628321435,3965193.6088186176
2025-02-16,105.72080377247605,3109345.917346813
2025-02-17,104.81119343841745,3917578.160995779
2025-02-18,103.34615466642887,2062368.7768566704
2025-02-19,103.21915926993124,2954892.640939109
2025-02-20,102.92933588397322,3367632.98979996
2025-02-21,104.39401512857646,2384442.261813204
2025-02-22,103.5612225478701,3758080.128967858
2025-02-23,102.62346937645233,2536209.5049506547
2025-02-24,103.27011116811249,4148900.0896203015
2025-02-25,103.50804865620972,4330278.229650855
2025-02-26,103.52210924995526,3757841.1861239695
2025-02-27,103.70312186885529,3704560.696041949
2025-02-28,103.26113975604588,2211886.4712557094
2025-03-01,103.35728168073227,3298395.56031745
2025-03-02,104.14050999943564,5869474.292537936
2025-03-03,103.03878630619872,1510336.2486682488
2025-03-04,103.94603681587726,4105012.992517838
2025-03-05,105.03429910082613,3090467.6122108637
2025-03-06,104.534525926388,3440389.161480768
2025-03-07,107.45136799575013,4353140.484014464
2025-03-08,109.35815312694501,4383948.842075367
2025-03-09,107.6748751534522,3951488.714818727
2025-03-10,108.71455323660099,4430163.327274177
2025-03-11,109.48669060751679,4550422.0163115105
2025-03-12,108.42437983859136,3791915.9085891377
2025-03-13,108.9593314043852,3677720.9207840594
2025-03-14,108.50880984163148,2536236.3507337063
2025-03-15,109.4246307231324,4470882.017167461
2025-03-16,108.47344627338946,3671237.5262341327
2025-03-17,107.50381974271428,4382476.39442251
2025-03-18,109.41170262010726,3192240.887185541
2025-03-19,109.47054815910053,4637966.075391364
2025-03-20,110.26657845270967,2070678.5652879998
2025-03-21,111.27477083568981,3361624.1057434706
2025-03-22,111.16291504962668,5412535.4100826075
2025-03-23,110.76545186785597,2566953.5909182313
2025-03-24,111.29672065056137,2139307.787446624
2025-03-25,113.10542953093886,5026340.707346063
2025-03-26,113.28405704751425,2849317.3152284357
2025-03-27,113.73255226689307,4205095.611170632
2025-03-28,113.5703963097215,5236353.179927655
2025-03-29,113.93859131640784,4919878.3845893005
2025-03-30,113.46136031956952,3002210.882234424
2025-03-31,113.85188645312657,5344770.439203351
2025-04-01,114.86423852350414,3124731.723882625
2025-04-02,116.3262356544813,5686950.033991204
2025-04-03,117.29340620918227,7248395.913689748
2025-04-04,117.77982087022393,1997190.950374694
2025-04-05,119.7829676222565,4879772.0284050135
2025-04-06,119.74873831984642,2670592.0137164844
2025-04-07,119.59866068429076,2265170.8105871305
2025-04-08,117.79751675764435,4822850.786208171
2025-04-09,118.14996107612183,4430155.482339896
2025-04-10,118.85162733557347,1586178.481912755
2025-04-11,119.9985170555442,2432497.1374406987
2025-04-12,119.91593449924964,2684780.11194942
2025-04-13,122.26921602239509,2649236.8191623143
2025-04-14,123.18378152417996,3214019.463266108
2025-04-15,122.14779572401008,2795004.607394738
2025-04-16,122.57073869577606,4438533.518922342
2025-04-17,122.58582333171663,3763569.12350961
2025-04-18,123.95125358821642,3610387.3275187914
2025-04-19,124.02737192311722,4821912.807949235
2025-04-20,123.22276679987739,5118448.584507839
2025-04-21,123.56873395750601,2437657.6436923826
2025-04-22,123.0551752993827,2176329.5308205443
2025-04-23,121.33207753555999,3090532.881569398
2025-04-24,120.51566842655018,4992954.928216818
2025-04-25,120.6951675952881,2073724.9922432113
2025-04-26,120.17719162371355,2919094.936456042
2025-04-27,121.50820598877047,3237564.3112211837
2025-04-28,120.21318255477156,3840259.6542432923
2025-04-29,119.46564252600007,4001450.4385635545
2025-04-30,118.49080290782783,4955655.136687257
2025-05-01,118.68218891063967,2178165.2750436957
2025-05-02,120.08884433848746,3733980.3363714456
2025-05-03,120.13182364007162,4162680.535056379
2025-05-04,119.95948977906102,3088478.2489900785
2025-05-05,121.23626586252885,3517783.8839966157
2025-05-06,123.57544783505904,3751911.7380498806
2025-05-07,123.99499748072861,2685422.281924749
2025-05-08,122.08390254732726,2389025.9270265806
2025-05-09,120.850181475256,3741861.361513852
2025-05-10,121.41998150931275,2463372.1848631646
2025-05-11,121.81996154392172,3599337.426781521
2025-05-12,119.71025816288888,3039109.270343764
2025-05-13,120.24946918444795,4121324.432986375
2025-05-14,120.91451592788178,3243326.5159197287
2025-05-15,119.98424934843669,7806314.638443372
2025-05-16,121.25240569808216,5302734.952907597
2025-05-17,121.45006744805845,3064628.417778614
2025-05-18,122.03387724081817,4527684.859054456
2025-05-19,121.40865832653135,7740341.279903312
2025-05-20,123.24706370975485,4099572.489466045
2025-05-21,125.62563786637945,2408487.9492986095
2025-05-22,125.84833632100589,3135103.2174926526
2025-05-23,127.40145937957153,2679961.224310211
2025-05-24,126.32647324599145,2061487.7795097514
2025-05-25,126.42309666118234,1926101.0117979608
2025-05-26,125.5272188488249,5391417.365511679
2025-05-27,125.39925609622317,2308284.2053572424
2025-05-28,124.52570908507953,3140444.515681107
2025-05-29,124.27499700285705,4820501.159476815
2025-05-30,124.97769054580712,4125225.8033863865
2025-05-31,123.38396256917423,3363880.6387131666
2025-06-01,122.17296010009623,3260820.7431948655
2025-06-02,121.80872223849195,5078673.517903717
2025-06-03,122.46515546205013,3024447.92427487
2025-06-04,124.25913991904439,2979415.468910364
2025-06-05,123.91934532907196,3712022.6404717327
2025-06-06,123.899572833835,2973388.8546327692
2025-06-07,123.47289359458871,4541332.19415218
2025-06-08,122.90301271623203,2164048.086012122
2025-06-09,123.07912105537125,2594067.119350019
2025-06-10,122.64015083275895,5160911.496867699
2025-06-11,123.46312021373014,2918642.275127019
2025-06-12,123.29116492686533,3983938.377192984
2025-06-13,123.934033836837,3517856.378218315
2025-06-14,125.0444695807424,3612026.0393529944
2025-06-15,125.8207188578792,2438231.232846805
2025-06-16,125.109019544707,3680351.491617188
2025-06-17,125.5866488672759,4121818.625849861
2025-06-18,126.32514876737747,4942610.046393896
2025-06-19,126.16099258709403,3646006.019534925
2025-06-20,127.68217932403196,3578529.933375753
2025-06-21,127.5655321072388,2676322.574956065
2025-06-22,127.07614689605104,3747949.1684596604
2025-06-23,126.48834530733697,1780193.9637898228
2025-06-24,126.80464156766632,4046863.457556373
2025-06-25,127.56375233506024,4046516.829370223
2025-06-26,127.3924770201748,4798458.451009259
2025-06-27,128.4656407601872,2344893.079809471
2025-06-28,130.4457269004946,2673202.134467129
2025-06-29,129.66509254530285,2270788.0432119234
2025-06-30,130.3874090109021,5725939.833395741
2025-07-01,131.83965459780038,2806684.560747055
2025-07-02,131.32075184189358,4050384.4362768726
2025-07-03,130.11645131316646,3281634.664314368
2025-07-04,130.74495558140677,2816581.875476561
2025-07-05,131.19129467363283,5808554.682601242
2025-07-06,130.55761295723607,4303501.466838533
2025-07-07,131.12463485937013,3798944.407031034
2025-07-08,131.50785067547375,3560274.7574345386
2025-07-09,131.37867110072096,4023754.6421298524
2025-07-10,132.00370834454992,3587320.6311626
2025-07-11,131.7584409334048,3979094.5648335945
2025-07-12,142.65653167141517,7930476.215238111
2025-07-13,129.8843068941926,2497792.177218083
2025-07-14,129.4633349752993,1674810.319719447
2025-07-15,129.5571442517163,2197087.709536638
2025-07-16,128.44195337945854,2650731.280424143
2025-07-17,128.2171564404328,4268629.354325212
2025-07-18,127.63427845435737,4685534.765166999
2025-07-19,127.70417344254335,4114365.190449718
2025-07-20,126.4263943266655,4260132.906817351
2025-07-21,125.13504473891705,2831197.1004911526
2025-07-22,124.03570132933983,3155651.1169868843
2025-07-23,123.04978591615135,2431057.1110267113
2025-07-24,121.93121234846804,4515505.640274931
2025-07-25,121.8681463458869,3007429.7010087073
2025-07-26,123.75883471441941,3392037.018393488
2025-07-27,124.6357961017242,3506473.446361238
2025-07-28,123.04823899859662,5289652.096715048
2025-07-29,124.32887727929261,3555376.7925879657
2025-07-30,125.01319653963687,4431377.864414822
2025-07-31,124.9180431808266,4078005.9805414514
2025-08-01,123.82452502703696,2408887.389625026
2025-08-02,125.45814334012199,2497033.074442921
2025-08-03,124.50791851025852,3881430.4435346792
2025-08-04,124.19484762890747,2472413.375024314
2025-08-05,125.8947577016828,2442528.662133712
2025-08-06,126.23369945285704,4657492.079629919
2025-08-07,126.98163263693195,3483442.6485414486
2025-08-08,127.00318344214202,2729885.6476937067
2025-08-09,126.86991134218847,2426281.31852629
2025-08-10,127.01931210194925,2578056.5349220405
2025-08-11,128.38074364457825,2359233.185592578
2025-08-12,129.30769038561985,10839886.130144825
2025-08-13,129.12849554658504,2601930.9422755996
2025-08-14,127.87126078995344,2734524.0775035885
2025-08-15,128.42303559759162,2019388.5915227574
2025-08-16,128.81005786135833,3194952.8583884374
2025-08-17,128.96611324392182,5751901.589176632
2025-08-18,130.1929684769677,2945911.9529064805
2025-08-19,131.72816605839773,3084767.208006272
2025-08-20,132.81452035091112,2009755.2506977627
2025-08-21,133.0056396351132,4042992.540056172
2025-08-22,133.27643778730322,5555162.1399070285
2025-08-23,133.54416470282283,6465167.195668988
2025-08-24,134.51401780688605,3515584.900406672
2025-08-25,133.5469911018962,4184284.8586532744
2025-08-26,131.957746419687,6360136.227155066
2025-08-27,144.0140625133039,12660801.361538444
2025-08-28,131.64259155779823,8108716.209024527
2025-08-29,129.60503920696897,2840330.5913731507
2025-08-30,131.1151783026192,2957735.663607485
2025-08-31,129.77141109149503,11655690.795405535
2025-09-01,128.85872347380507,1620363.1661083777
2025-09-02,128.5486618793848,7231897.53269776
2025-09-03,129.9355059411033,4768234.218196388
2025-09-04,129.63097418985114,3344183.661913941
2025-09-05,129.45381842379246,6193864.117199477
2025-09-06,129.4439634610547,1274023.3676680839
2025-09-07,129.8160086611508,1700439.888077688
2025-09-08,129.27424715335607,1829505.9935672353
2025-09-09,129.50419924326744,3781744.1170592755
2025-09-10,129.93438074741314,8833355.748709535
2025-09-11,127.1313245037445,3426664.0618121913
2025-09-12,125.69454858354189,3377191.310317565
2025-09-13,124.68954581429911,3969914.533013167
2025-09-14,124.48015916509851,1990361.311670255
2025-09-15,124.91839712258388,5003443.875571062
2025-09-16,126.76540938363013,2657685.88108757
2025-09-17,122.6525631328121,8482329.328194669
2025-09-18,125.837364346348,2864378.7321640262
2025-09-19,126.37683888490338,3812149.0791030633
2025-09-20,127.40260395338044,3455623.72386803
2025-09-21,127.20918849100646,2745782.21992319
2025-09-22,127.5474053740839,2580551.3289817167
2025-09-23,127.80912972401907,4480605.591377185
2025-09-24,128.46045867705556,3610443.7451116866
2025-09-25,129.042681020295,4476232.85493274
2025-09-26,126.10161131805728,3130408.1848785426
2025-09-27,125.83941240564458,1660960.8800001333
2025-09-28,126.12781351732836,5568506.888808657
2025-09-29,124.50352725414913,3904711.04618567
2025-09-30,125.97401322973894,3578905.757803929
2025-10-01,125.59184023150947,3455580.0857791826
2025-10-02,126.72757290081877,2617524.2010687524
2025-10-03,125.65338002884795,2549269.91966755
2025-10-04,127.75879646826628,6261607.933527899
2025-10-05,125.62675320335275,7250471.80557728
2025-10-06,125.12090984155601,2052880.5768539512
2025-10-07,124.32270550595112,3691397.831035076
2025-10-08,124.79276380294091,3588479.195336666
2025-10-09,125.06557861169723,3551481.5030138656
2025-10-10,124.75460880740347,2534304.018051315
2025-10-11,125.81932437890971,4115899.224782474
2025-10-12,126.30420840664715,1529360.5957158247
2025-10-13,125.95324759612215,2633845.782074291
2025-10-14,124.49320993877909,2421792.859833493
2025-10-15,125.50305904217949,2254658.153736712
2025-10-16,125.59164625579493,5790946.123048445
2025-10-17,124.71011627870006,4476549.526031162
2025-10-18,123.02298623518146,4749525.538716689
2025-10-19,124.64833391106808,4228580.794631619
2025-10-20,124.8479645564729,2184428.3387595513
2025-10-21,124.05081583547397,3894891.1695467927
2025-10-22,123.80750577064806,3209471.8045700532
2025-10-23,121.92800987607424,5103491.931384179
2025-10-24,122.92411289671104,3075211.3062812625
2025-10-25,123.13082416410731,2896248.5509984777
2025-10-26,123.98006786005388,2891954.6547686453
2025-10-27,122.25699045093654,3387025.0054032495
2025-10-28,122.60596675823959,3129935.6092874506
2025-10-29,122.24748238246192,4741691.552625547
2025-10-30,122.80769834721238,4062975.999891095
2025-10-31,122.91450909233343,4903615.293814835
2025-11-01,122.60284653828634,5080108.270481447
2025-11-02,121.76478667251263,4261139.553532202
2025-11-03,121.2774303170061,3965066.9595368886
2025-11-04,119.93323255583414,3277643.0860670973
2025-11-05,120.48107889351014,9707042.182142029
2025-11-06,121.75933253302455,3237377.5975133195
2025-11-07,122.64835358823616,4018153.102988195
2025-11-08,123.6268381789394,2562211.0720077604
2025-11-09,123.98096702309115,4463953.313085203
2025-11-10,124.64861244961445,1421989.6333880005
2025-11-11,124.62297141319523,3155923.3773916815
2025-11-12,123.62319921665127,4009040.8902092655
2025-11-13,122.75989215142546,2080414.714826776
2025-11-14,123.8684003568278,3418311.7409770484
2025-11-15,123.28140145731736,4379236.446808965
2025-11-16,123.25052899953116,2093700.8551265416
2025-11-17,124.09407949305913,2328251.7510858085
2025-11-18,123.7041361599629,3446582.1076845787
2025-11-19,124.18317406067028,2691675.598843401
2025-11-20,123.15463239743899,2881318.998182788
2025-11-21,122.83200128996542,4108264.4546485255
2025-11-22,122.29555134666832,3338726.5593917747
2025-11-23,122.95490545041336,4470281.147047898
2025-11-24,123.523029391083,3854377.2079228023
2025-11-25,124.0489567917736,3401207.5197571665
2025-11-26,124.01298543580009,6052952.269410006
2025-11-27,124.52688839240739,2499213.017683689
2025-11-28,123.90044861883057,3728894.3335628165
2025-11-29,123.49683674452919,1284090.8117615758
2025-11-30,124.21006037603291,4333171.668099814
2025-12-01,124.1108700485641,2799687.931417455
2025-12-02,123.28370130728594,4979796.257720234
2025-12-03,123.29929143322155,1870407.0078648622
2025-12-04,124.72638667173979,3720979.8327217666
2025-12-05,124.4914947772099,3207951.974185533
2025-12-06,124.52760464637237,3128888.221083808
2025-12-07,125.30787384831746,4257812.641657847
2025-12-08,126.45977187326771,3119002.1644221065
2025-12-09,126.869485354334,2457596.8489259467
2025-12-10,126.52311645272202,3377336.5610509077
2025-12-11,127.40440120729842,2598493.7147085555
2025-12-12,126.780856802829,2629999.720532277
2025-12-13,128.8934750936846,2721420.010261909
2025-12-14,128.12354280546484,3503408.6943338066
2025-12-15,128.9501945205166,2397567.136365325
2025-12-16,128.09428208778994,3259198.6024896787
2025-12-17,129.4226857894315,1700718.9715508795
2025-12-18,127.03958577314509,3336693.6847454957
2025-12-19,126.32096068842829,4519568.754293449
2025-12-20,124.52665028773265,5894004.997739564
2025-12-21,123.41490081728561,2837877.9869078286
2025-12-22,123.91268021947238,1890716.1087988724
2025-12-23,125.70128885922674,3044821.9960288214
2025-12-24,124.91863852780978,3737761.4816422635
2025-12-25,124.49224252919298,6780207.108237963
2025-12-26,125.81301163509251,1884420.7605882238
2025-12-27,125.56855422118284,5448661.938298904
2025-12-28,124.7684660032488,7528471.7572910655
2025-12-29,123.73451594179716,3533662.2253826587
2025-12-30,124.30430626461899,3828199.852444923
2025-12-31,123.12549802682739,3235914.4372677575
2026-01-01,122.96007377282301,4285020.51968215
2026-01-02,122.93889932355282,4241068.669661004
2026-01-03,121.33601069157963,9116601.237085046
2026-01-04,122.74408214678675,2158546.114506761
2026-01-05,123.14812807327577,2661545.018466354
2026-01-06,123.35815906668391,7822846.385137145
2026-01-07,123.73553087997931,2497455.6474481253
2026-01-08,122.79067116959826,5145363.238963094
2026-01-09,121.05995395378471,3594714.0277770394
2026-01-10,122.49603878808384,3179092.4660349796
2026-01-11,123.17396175739313,3008591.865821128
2026-01-12,125.24313616440304,2621433.2313722796
2026-01-13,125.09844540556138,2043638.5931547617
2026-01-14,124.2878684697949,3233384.3510934976
2026-01-15,123.84240255189886,3630162.635472119
2026-01-16,123.29313625104218,1657780.4675297064
2026-01-17,123.2056312781079,4320179.48746624
2026-01-18,121.90237148914125,3313614.1465734374
2026-01-19,120.46173622126766,4395738.470303677
2026-01-20,120.31835246798977,2305990.133144119
2026-01-21,120.7373559647333,3542726.5936100543
2026-01-22,120.47614686251526,3286402.9897729284
2026-01-23,121.57787273913664,2556196.61820075
2026-01-24,121.66380284830566,4689259.953647412
2026-01-25,122.07455668975527,4473970.184203779
2026-01-26,121.45681877635899,2510705.4943385203
2026-01-27,121.75331569447467,3210719.007223856
2026-01-28,123.41925766468435,4112775.5939357234
2026-01-29,122.0724813736197,4863398.982528461
2026-01-30,122.89484607058466,4325903.857033303
2026-01-31,121.26722444281106,3317599.8555802903
2026-02-01,119.08103543883713,4107228.68103161
2026-02-02,117.48202816022145,2590622.0373182516
2026-02-03,117.96685220036078,5982281.666056546
2026-02-04,118.56884189533616,5281035.003411627
2026-02-05,119.65965679055458,3032077.9166146247
2026-02-06,117.79042292065112,3109881.227591601
2026-02-07,116.89057138797862,2259250.808707096
2026-02-08,115.82643414679659,3126105.0837534745
2026-02-09,114.84370856484033,3288287.2411549045
2026-02-10,114.09780432361511,2055767.1188575702
2026-02-11,113.25958943688156,5129567.626022672
2026-02-12,113.94446504460204,2673381.7129856427
2026-02-13,113.67899930209201,3540369.739716588
2026-02-14,113.36596380919173,3231428.7374723004
2026-02-15,112.98158228933437,4153008.2364654336
2026-02-16,113.45876789013397,3312658.6654081033
2026-02-17,113.99619031354611,5442190.131236429
2026-02-18,114.97602205661431,3273703.2005254673
2026-02-19,115.33290857843333,2114371.7599391127
2026-02-20,116.25014782221129,2243897.702335588
2026-02-21,118.10008128224962,2342086.450755212
2026-02-22,118.20958157724976,2295725.6088891085
2026-02-23,117.22190035633972,3476173.2076860406
2026-02-24,115.69128332485334,2179744.2208877695
2026-02-25,114.68965008015745,4529227.9857562
2026-02-26,114.76272723024232,2562749.6111695976
2026-02-27,116.5666674454874,3502556.834699176
2026-02-28,116.13043892684233,2611820.0947094085
2026-03-01,118.02049101794836,2251283.4306509304
2026-03-02,118.12415482529163,1420763.5636399728
2026-03-03,117.04831472833932,2755554.5830434156
2026-03-04,116.23949863840241,3178039.3072493384
2026-03-05,115.8962651266251,2670466.163387429
2026-03-06,115.94513956761962,4172607.9358702754
2026-03-07,115.59831931767623,3582804.975815525
2026-03-08,115.6301574919848,3635139.447827954
2026-03-09,117.88282170636087,11975251.043072164
2026-03-10,118.3422899382282,3711806.3856045376
2026-03-11,118.21313736844932,5694458.322535812
2026-03-12,116.1911156382465,3743877.8459495776
2026-03-13,116.47833707732671,4774158.807003467
2026-03-14,116.7443750601343,3294830.504507617
2026-03-15,117.74013384414454,6318259.344807164
2026-03-16,117.75933050994115,4179840.713174868
2026-03-17,116.47662486372175,3336465.7845341945
2026-03-18,116.41719338453134,6931827.805848834
2026-03-19,116.71040006840883,2970580.6451879754
2026-03-20,115.44868590631837,4058260.16830515
2026-03-21,114.89295752103418,2429685.7544916733
2026-03-22,113.7911743484192,2169814.8546363753
2026-03-23,115.62537305667085,3706615.277585117
2026-03-24,114.60146515863374,5155953.292633471
2026-03-25,114.01920714640382,2591396.420637965
2026-03-26,114.24817213769231,2830739.342165548
2026-03-27,113.79148291030464,1748694.9598125587
2026-03-28,113.89893203842243,2521927.2751800437
2026-03-29,113.67170374024586,3360173.563365545
2026-03-30,113.85454511077421,3561532.5070539466
2026-03-31,114.68285243455702,2980398.5489878682
2026-04-01,115.03986292444245,3614113.437370975
2026-04-02,115.84981410564143,6785122.367216334
2026-04-03,115.8332791752881,3729597.9538080553
2026-04-04,115.87272523350913,2987152.3095085244
2026-04-05,115.32943316220047,2584216.282517176
2026-04-06,114.80381653123963,2576857.324534654
2026-04-07,114.15381051463939,3715651.447883865
2026-04-08,114.68234029248347,3175582.565780425
2026-04-09,115.64729391952841,2509321.7430488244
2026-04-10,116.27581535101977,2794112.5319118192
2026-04-11,117.02908097024374,2749049.751265652
2026-04-12,117.14061720398877,2106615.0089642764
2026-04-13,116.64684083650033,3086862.854930369
2026-04-14,117.91493866139764,4937395.231166858
2026-04-15,118.1184972670623,2638760.633695638
2026-04-16,116.0513622540673,3400193.024806713
2026-04-17,115.88493057289026,3841141.5190495825
2026-04-18,115.4468751372634,3416992.3438441316
2026-04-19,115.3377380894219,2786453.525949277
2026-04-20,113.66984136024956,5329246.262208613
2026-04-21,114.08475461469318,2028590.5532244167
2026-04-22,113.62654241518469,3335156.4181139134
2026-04-23,114.87044971766504,2751577.599053036
2026-04-24,113.03600078646836,7370408.910713124
2026-04-25,114.22581017242678,2831559.558958557
2026-04-26,113.87175294263507,3519655.076446526
2026-04-27,114.35324345731414,2797127.300535528
2026-04-28,113.49951539390597,2584402.771362861
2026-04-29,122.01764156432945,13259673.640923005
2026-04-30,112.60538304625098,4779371.352917882
2026-05-01,113.11304283773536,5988400.166391785
2026-05-02,112.54600591665422,11137481.714462865
2026-05-03,110.75172557139511,1801994.2518709141
2026-05-04,111.08646523212812,3276379.4869775036
2026-05-05,111.66389248060035,3386242.6553258616
2026-05-06,111.44841020037973,4929357.357035225
2026-05-07,112.18038316061148,4121155.4258692604
2026-05-08,113.8202419984752,2171067.3732366213
2026-05-09,114.89127640097031,2604716.156921807
2026-05-10,113.82511933743174,2764791.757762051
2026-05-11,111.74663128239068,2905205.659334852
2026-05-12,111.13190095774189,3056226.7843305883
2026-05-13,109.93855658340658,2854271.668820104
2026-05-14,111.12598525981218,2788752.4243886815
2026-05-15,110.67415846241276,5910285.80355235
2026-05-16,109.6067958318164,7053499.878475953
2026-05-17,110.69297788082136,2349566.9229602735
2026-05-18,111.01654605482365,2913196.4647244187
2026-05-19,110.58228415523303,3113618.87877965
2026-05-20,112.59996236704886,1894549.6831630785
2026-05-21,113.04405391322078,2206006.401441594
2026-05-22,111.66657587437048,2741947.331469742
2026-05-23,110.18583642853004,3186096.671812809
2026-05-24,109.36838382219041,2068658.6952657686
2026-05-25,110.45889582746945,3267213.2820366095
2026-05-26,112.13202289288435,3039549.3593727653
2026-05-27,112.09611733529076,3195552.1255469914
2026-05-28,111.54932968755648,4442418.767025905
2026-05-29,112.27565954043513,3955295.020661745
2026-05-30,113.6667718679924,4399935.050870227
2026-05-31,112.00566963023554,3449553.8550025215
2026-06-01,111.64969381702167,3476786.894274766
2026-06-02,112.31916538475762,4736202.409761914
2026-06-03,113.2739069224275,3500034.0637355675
2026-06-04,112.87234154801483,3628084.180776953
2026-06-05,113.26161348067615,6771048.937896238
2026-06-06,114.71971217171898,2456527.7555136345
2026-06-07,112.35754877688285,2316673.192843001
2026-06-08,113.02833688954514,3047255.264938945
2026-06-09,114.57718182482832,4514116.138191379
2026-06-10,113.94290643903351,1387832.0398586863
2026-06-11,113.23768377403594,4302097.19391052
2026-06-12,112.15748529267287,3582216.424775632
2026-06-13,112.1281694129966,3041587.921786211
2026-06-14,112.76843762858556,2244243.6584628364
2026-06-15,111.8698364090082,3620378.7620841167
2026-06-16,112.52223922483327,3442492.7044529053
2026-06-17,113.97081126010008,2796069.0203335
2026-06-18,115.23631711394624,4785850.432284356
2026-06-19,117.31618790557584,3720228.2383837947
2026-06-20,117.7958635043903,2767026.9145636433
2026-06-21,118.00308943974093,2716252.7267968073
2026-06-22,119.14362790309168,3528605.972348609
2026-06-23,118.05499176339976,3368843.6369974064
2026-06-24,117.00063703603618,2753445.1284475885
2026-06-25,116.45778483382948,2506949.5233521014
2026-06-26,115.30148804111084,3953385.724924921
2026-06-27,116.09544725320595,3232361.6535543296
2026-06-28,116.2887736485641,1912588.061441648
2026-06-29,115.78811930107993,2379593.1026848843
2026-06-30,113.81182474456305,4082733.505785839
2026-07-01,112.80238597476561,3958863.7649799995
2026-07-02,114.2857628890529,3798013.957303301
2026-07-03,116.27007252700858,3487397.2945862366
2026-07-04,118.05584570852272,5577954.876126591
2026-07-05,118.33791040984867,4361295.238419203
2026-07-06,117.15968340546672,3035228.4262095722
2026-07-07,116.50075135030053,4978034.502356806
2026-07-08,117.27681929311925,3352150.24392658
2026-07-09,119.62374532452151,6040751.038399474
2026-07-10,120.43985642277508,2393752.093783387
2026-07-11,120.45775529066124,4493882.863258764
2026-07-12,120.62066135158283,2884555.708931943
2026-07-13,119.40886544283431,2971172.2305042897
2026-07-14,118.0087711430871,2886738.3155121207
2026-07-15,117.34974313192842,3996907.1400027876
2026-07-16,117.23794820673375,4203914.032617849
2026-07-17,116.21037729218907,3476880.634361571
2026-07-18,124.79480759044726,7835236.986023883
2026-07-19,117.13405808209018,3702792.263532084
2026-07-20,116.9484690474509,1742048.2648700161
2026-07-21,116.10353577313683,2609592.7897802647
2026-07-22,114.96770951188924,4538978.086218258
2026-07-23,114.19634282871912,3207373.9300513966
2026-07-24,115.85852070122637,2679951.8567198734
2026-07-25,116.45734872319743,4547795.8930015145
2026-07-26,116.47554648649287,2019667.5402466103
2026-07-27,116.25675726506591,2069058.1564613741
2026-07-28,117.49938935466355,3663863.9219987793
2026-07-29,117.79548127777643,4660680.501661408
2026-07-30,117.52837420372497,3288092.315749727
2026-07-31,118.14839359728185,10050216.148927188
2026-08-01,117.03692179337432,2753687.4610228674
2026-08-02,116.64129621309722,6061803.920316058
2026-08-03,118.00112191593134,4609293.245668232
2026-08-04,119.9669947183659,3327597.860170908
2026-08-05,118.93911597813754,4949688.021858558
2026-08-06,118.76714953087087,2146316.9703522776
2026-08-07,118.98696939277548,3126476.8039647816
2026-08-08,118.86213093861696,2170023.9530873937
2026-08-09,119.90201025713644,2385740.858584155
2026-08-10,118.83125729181657,3107867.976959521
2026-08-11,119.2068415596033,3405112.7016197834
2026-08-12,120.08419054019981,3638571.573389203
2026-08-13,121.90981864648023,3736153.4711866747
2026-08-14,120.63880929072637,3987419.1165305777
2026-08-15,120.53895109894682,2528643.0389156346
2026-08-16,120.86433176868864,2299430.244586274
2026-08-17,120.68136088455189,2983357.0413221363
2026-08-18,119.72811984032407,2272994.3505404997
2026-08-19,118.34785636997665,3713276.8889644207
2026-08-20,119.29587665848639,4827184.103307662
2026-08-21,119.89377370919763,3206162.337608569
2026-08-22,121.14797515863947,2299873.688187289
2026-08-23,120.26512609194793,3734490.2706593634
2026-08-24,119.7385090520556,4877231.608259331
2026-08-25,121.49766468591751,3579974.1248342614
2026-08-26,122.43069346928517,3619566.6806515115
2026-08-27,123.23731548306232,6795835.120932178
2026-08-28,123.88409067638486,3390656.3307246612
2026-08-29,121.96415967808863,2945031.2408978455
2026-08-30,123.1378424550019,4250054.303744651
2026-08-31,121.44725298133564,3575914.65210754
2026-09-01,120.7936879938894,3700445.2622381994
2026-09-02,121.13397732702974,2482309.6092024916
2026-09-03,121.34302780566335,3458500.316088545
2026-09-04,120.92354986601025,3378781.240372892
2026-09-05,120.92006794139378,3026731.9549003122
2026-09-06,120.83583790129379,2855693.2031968636
2026-09-07,121.40323187034613,4769339.022229694
2026-09-08,121.9017883603759,3420804.3611441725
2026-09-09,122.08886626730303,2691982.193797295
2026-09-10,122.57279070309846,4929104.243855683
2026-09-11,122.86541273442914,2655783.3807884203
2026-09-12,123.1890058029777,2154381.6274955194
2026-09-13,123.66318515728864,5674913.019734927
2026-09-14,122.9041192024785,10193755.398745911
2026-09-15,123.43767700945011,3984742.5191137674
2026-09-16,124.4801820423972,1751584.502417329
2026-09-17,123.87140397437355,3674752.0359055703
2026-09-18,122.76738589870337,2683896.3086496885
2026-09-19,123.35260349579983,2918278.8108970514
2026-09-20,123.86736389125045,3226351.111715485
2026-09-21,124.98705250615758,3128672.9102717345
2026-09-22,125.08878261601085,2069851.2366827843
2026-09-23,126.88466511465174,4506074.001306641
2026-09-24,125.10094716141211,4969671.34541765
2026-09-25,123.65793178600467,3460265.645910778
2026-09-26,123.48362601019902,2642290.6512624263
2026-09-27,124.30273310866893,1937950.8112241123
2026-09-28,124.53878976599663,2584837.587897975
2026-09-29,125.5585999220261,4078570.672226245
2026-09-30,126.2151719284299,3416229.54258194
2026-10-01,123.88098084843922,5115889.74581961
2026-10-02,128.4544981893695,3476504.5502401693
2026-10-03,130.10261085191866,2058687.4178228658
2026-10-04,129.719854706965,2388399.7058401485
2026-10-05,129.6688382820304,4055460.213894065
2026-10-06,131.20581161570914,3849703.636230875
2026-10-07,133.20521642416875,7690600.843339208
2026-10-08,135.0262357397024,1485615.4972612897
2026-10-09,133.82665388242643,2498445.764454098
2026-10-10,134.32416245805237,3060321.462426116
2026-10-11,135.99111245429143,3428074.4990840787
2026-10-12,136.05161788072348,3063099.4515826493
2026-10-13,137.7452329658089,1546161.0247067234
2026-10-14,137.792345581559,4179912.7003315566
2026-10-15,138.3824874576231,3213011.5200140513
2026-10-16,137.99371574035814,4140292.9656261276
2026-10-17,137.61367332550913,1638265.6604516013
2026-10-18,136.99146672085865,2093787.8854072704
2026-10-19,137.06436968424748,3944347.0781410057
2026-10-20,136.3330941570778,2086008.4083911038
2026-10-21,137.82370894277068,5058378.424421556
2026-10-22,137.5673697838792,2955338.223286329
2026-10-23,137.9348382939816,2301562.71864757
2026-10-24,137.73684403914464,1834977.1236667256
2026-10-25,139.04346196402966,4489464.406982227
2026-10-26,139.28776302447878,5852252.340963562
2026-10-27,140.0805170887702,4737564.1719490215
2026-10-28,140.3809189630473,7314508.647995166
2026-10-29,141.8399823102512,1992139.3908349627
2026-10-30,153.0181774740562,11157946.550845865
2026-10-31,140.0632071528961,3579007.3214999354
2026-11-01,140.52227326074217,2676776.518295324
2026-11-02,140.85786455703868,2114053.871835078
2026-11-03,140.6678136184762,4644654.474370135
2026-11-04,140.38627153613356,4542931.616314028
2026-11-05,140.4200493207982,6398148.069189286
2026-11-06,140.5599547351743,5098937.947925919
2026-11-07,141.56583596472046,3186977.202720645
2026-11-08,141.37372816349608,4249375.6163873775
2026-11-09,142.23073398617163,5168004.190404627
2026-11-10,140.45687420426938,3591602.9536760547
2026-11-11,140.77636481732065,2512241.5257889773
2026-11-12,139.32452834423344,2662879.5040680785
2026-11-13,140.12589953440894,2689881.658261453
2026-11-14,142.66854624389134,2814292.9654467027
2026-11-15,141.58076420530026,2229702.4572241763
2026-11-16,143.09176733091354,5392460.438730605
2026-11-17,142.3842838484143,2337583.7708570017
2026-11-18,142.38545816409695,3245804.619062824
2026-11-19,143.27153977017815,5906834.9682579255
2026-11-20,142.48389071012156,3807629.3702494632
2026-11-21,142.60900781483127,2987812.3324746187
2026-11-22,141.5908585312961,2220104.649251534
2026-11-23,142.7169597832579,2762371.1184471217
2026-11-24,142.42998342898278,3395640.569608637
2026-11-25,141.9802041169202,2654480.8750108504
2026-11-26,141.61359433662082,3541145.6215440957
2026-11-27,140.73801934947,3716479.889801859
2026-11-28,140.57190240871,1975126.8006228325
2026-11-29,138.58953671391612,3388317.7273218906
2026-11-30,140.49425845355742,5371959.047411804
2026-12-01,141.24624207740573,2248565.633901765
2026-12-02,141.30460362115926,3696534.841019989
2026-12-03,139.7307516960575,4056085.836390945
2026-12-04,140.30933296730586,2722017.516184846
2026-12-05,140.65932267079398,4335183.1595561225
2026-12-06,139.47960912260336,11936565.177918108
2026-12-07,139.74515826492689,3527615.916308285
2026-12-08,139.50977555551532,2900608.047639875
2026-12-09,136.79158427955025,3059109.4369772407
2026-12-10,136.9723883344123,6131837.422209354
2026-12-11,137.74930728987954,4751452.281957967
2026-12-12,136.58448572623033,4718546.3823554255
2026-12-13,136.1956518450627,3597782.7033304772
2026-12-14,136.27459200424954,2736090.264223881
2026-12-15,135.4893142485659,4276540.591385747
2026-12-16,135.69958421641542,2687217.344206086
2026-12-17,136.54053158983095,3403744.979582525
2026-12-18,136.53407951206012,2730252.176810015
2026-12-19,136.3720518422429,2996783.383197029
2026-12-20,135.44285300473047,2362001.9729287717
2026-12-21,135.1552439959101,2835214.0809167023
2026-12-22,134.5232609355713,3522814.3334315987
2026-12-23,136.42632332418617,4970559.826252361
2026-12-24,137.02104627395823,4148656.4152097073
2026-12-25,138.53357464041622,2446161.1999188974
2026-12-26,139.97278173367565,2496834.536158209
2026-12-27,138.73934127966953,5497571.973721713
2026-12-28,140.55621441848814,2906721.1358843865
2026-12-29,140.4849449932014,3537199.7976887887
2026-12-30,141.0350723692041,4412276.883786208
2026-12-31,140.43739119906317,3795030.0512580113
2027-01-01,140.40635897767677,2446040.421235279
2027-01-02,139.20495162425414,3216767.8771846797
2027-01-03,140.15128711430094,2731685.2222092166
2027-01-04,140.13662610761966,2174636.1933659804
2027-01-05,140.41980502305728,2915996.939976028
2027-01-06,139.74753308657583,4123274.569624788
2027-01-07,139.76368826131772,3112211.271498409
2027-01-08,139.66345971266952,1871106.3730680435
2027-01-09,139.31111902210546,3228548.0246109734
2027-01-10,138.01102438718016,2578123.729593284
2027-01-11,138.1160711175571,5372487.005442789
2027-01-12,139.29751346725973,2712351.6812004466
2027-01-13,138.90508645190368,3555227.5731833265
2027-01-14,140.8562613266838,2274450.729157318
2027-01-15,141.0774102204036,3947241.2858179626
2027-01-16,142.0860509776155,2256439.1190136736
2027-01-17,142.6813889798194,3842554.8615009272
2027-01-18,142.06121288541797,2616965.641668851
2027-01-19,142.5069961126631,4568579.49385852
2027-01-20,142.1449063592264,5100751.0912051555
2027-01-21,142.45000814468517,3082255.462472789
2027-01-22,143.2206778599438,3573316.3515085117
2027-01-23,142.50731983556778,4280911.527685709
2027-01-24,143.7126084399879,4281465.622135067
2027-01-25,143.34213749172997,3277118.4760992085
2027-01-26,142.3927888291799,4329265.46409999
2027-01-27,142.48185823981675,4329917.783515451
2027-01-28,141.49707332313122,3255170.4277815535
2027-01-29,140.39935575566187,2043590.430384738
2027-01-30,139.17652296522652,5493085.482318499
2027-01-31,141.38965272499982,2805451.56196382
2027-02-01,142.1928724963513,4538368.146159434
2027-02-02,142.72968548731296,2273833.560524628
2027-02-03,143.29179676284096,2337891.746380934
2027-02-04,143.9281754997196,3091441.3019185886
2027-02-05,145.13865905945892,2785306.149543849
2027-02-06,145.4556032471238,5041984.791921906
2027-02-07,145.6497516293604,2566747.401799351
2027-02-08,144.46437602726309,2996304.259085002
2027-02-09,143.75696754670037,2292683.5795433773
2027-02-10,144.17841474993463,4704103.570191341
2027-02-11,142.86149083218214,3681349.3189248433
2027-02-12,143.71486565657432,5180360.328229814
2027-02-13,143.69990819361743,3239317.324056705
2027-02-14,143.37468609675014,2373750.006455054
2027-02-15,145.0284203764403,3709952.021837586
2027-02-16,144.1626618858052,2937781.337070325
2027-02-17,144.24632908702563,4134310.871140696
2027-02-18,143.88345743239466,1356324.5802497878
2027-02-19,145.59757447245568,2260907.3327787695
2027-02-20,144.85993887761578,2959044.8256908483
2027-02-21,144.85695774212627,2481534.5991879897
2027-02-22,144.32076047305793,4349937.910677474
2027-02-23,144.86677299649898,1645352.1413891795
2027-02-24,145.71774966608746,3421690.907930251
2027-02-25,144.29716567016678,3549841.8046407355
2027-02-26,143.90937762237067,4195592.841926842
2027-02-27,144.17159801304118,2582650.246271069
2027-02-28,144.7183972606096,5253003.839884882
2027-03-01,144.39284889704874,3505918.591667593
2027-03-02,144.43387552930776,4213792.023613793
2027-03-03,145.27783766390223,2981937.910246596
2027-03-04,146.25610872440632,6178924.801942532
2027-03-05,144.04310599354199,2572934.4366851444
2027-03-06,143.9430122591196,2270962.0374182216
2027-03-07,143.48416666401477,1598012.6358402423
2027-03-08,143.70695478400776,3920676.979656147
2027-03-09,144.368830251234,3938008.0772542106
2027-03-10,143.61459303564206,2591561.028277095
2027-03-11,143.6508088877692,9942143.9931208
2027-03-12,143.49212747809236,4636869.533802942
2027-03-13,144.08302433380697,2558353.869893015
2027-03-14,143.3724287430789,2532170.51686233
2027-03-15,143.35384825000386,1211358.6591468868
2027-03-16,142.19576611894053,2214931.3073902978
2027-03-17,142.21012618867226,3666439.900769986
2027-03-18,142.3038128440486,4252111.450693117
2027-03-19,141.1083119756728,3700944.2074993337
2027-03-20,142.1574666136288,2544333.051127851
2027-03-21,142.7908044280813,1942744.8523518497
2027-03-22,141.89362624562187,2618850.071806235
2027-03-23,142.17626136181102,2963674.2606157777
2027-03-24,142.4568111456285,2946063.101399981
2027-03-25,140.66384410923365,4388572.188933951
2027-03-26,140.23530375831538,2336274.4151719105
2027-03-27,140.54023406086128,2528753.037874181
2027-03-28,139.04703883839306,2258803.209058903
2027-03-29,138.5510956190061,2009680.6188636043
2027-03-30,139.15315671456747,4170930.980003254
2027-03-31,139.57638396350254,2524613.6582559375
2027-04-01,138.2829175696637,2239488.27962996
2027-04-02,139.4041795522685,2629214.124407374
2027-04-03,139.96335083352812,2661199.8934830287
2027-04-04,140.58546572735096,3964527.4010422803
2027-04-05,142.90167326878105,3167731.430956181
2027-04-06,142.72310521330502,4651151.488736743
2027-04-07,143.72563287938596,2859713.4874582407
2027-04-08,142.233245017968,3496046.7704487555
2027-04-09,142.8619176174383,3666045.2914795354
2027-04-10,145.17558120584215,6567703.827979514
2027-04-11,146.03386055449445,2977997.8791234195
2027-04-12,145.6835708368755,4816146.025919656
2027-04-13,144.1265941866142,3345921.4682136043
2027-04-14,143.68903092909432,3640340.3294868344
2027-04-15,144.124841864025,2739409.8209763435
2027-04-16,142.17992111607273,4395586.853199763
2027-04-17,142.42081178855503,5587495.540654148
2027-04-18,141.93861146643266,2600570.049060419
2027-04-19,141.12355300789753,2663978.2303793617
2027-04-20,141.4697738402205,2839199.4377535717
2027-04-21,140.92106885262743,2295068.483367982
2027-04-22,140.3472649004398,3000359.399323703
2027-04-23,139.84341121368973,3924323.6702031703
2027-04-24,138.7952980509056,1334804.3503370038
2027-04-25,139.13341041014598,4286201.597526819
2027-04-26,137.35096219970532,3322204.8183107544
2027-04-27,137.55125527276314,4137534.2317081937
2027-04-28,138.1624376144406,2514816.7065499644
2027-04-29,139.16884403284604,3867698.8413677453
2027-04-30,139.61429818335796,2094498.2183050234
2027-05-01,140.8767654722968,5911704.217994101
2027-05-02,139.64814098175435,7308126.550237184
2027-05-03,139.33971363019432,2194023.4799469444
2027-05-04,138.56165422553374,3134922.11028372
2027-05-05,136.74716442220364,1868663.3320311476
2027-05-06,137.24633075274454,1792917.5608651182
2027-05-07,138.05950739796617,4881457.726169167
2027-05-08,138.02511967982807,2250007.5903273956
2027-05-09,139.2080592935724,3335935.0859429394
2027-05-10,139.01013783349168,3065277.023228436
2027-05-11,138.6089754485116,2241341.1825491427
2027-05-12,139.17078464104515,4258072.766013448
2027-05-13,139.54161211709476,4042806.015303165
2027-05-14,140.50753593846514,2259677.5868086494
2027-05-15,139.84606338483366,3995461.5363248102
2027-05-16,138.40260248160436,3397823.0490787327
2027-05-17,137.51417713397046,7275406.02063577
2027-05-18,136.5075052902168,2431538.6673611407
2027-05-19,136.88841017304964,5310450.633860727
2027-05-20,137.65981934539468,2621907.301269427
2027-05-21,138.680385435113,2039928.7202028777
2027-05-22,137.88879593671948,3239734.9249801636
2027-05-23,137.52347718973388,3971408.600777441
2027-05-24,136.83976767640252,2681890.760865114
2027-05-25,137.24571325020875,2752576.4044362153
2027-05-26,137.46383795426766,4056205.9526130855
2027-05-27,137.82526470591307,4052263.544968809
2027-05-28,137.03764465144732,2681481.069646825
2027-05-29,136.01692000328373,2433103.8503769143
2027-05-30,135.7838643296397,3331831.447186208
2027-05-31,134.7278197769554,2398879.284360203
2027-06-01,136.3220117576751,3932315.214899727
2027-06-02,136.8084537749993,3291181.7232717704
2027-06-03,135.599338216413,3014868.3755455916
2027-06-04,136.7393482937158,3589314.0298727136
2027-06-05,136.50498325170335,2238094.4413153734
2027-06-06,136.6005483260503,4002075.3342814725
2027-06-07,137.61474787532447,1699530.8470543618
2027-06-08,138.06543457646058,1408605.7092322032
2027-06-09,137.58690526786,2647850.340605453
2027-06-10,138.0381914628174,2612990.0138063845
2027-06-11,136.52233505866246,2336094.3443802395
2027-06-12,135.19903475833655,2707603.911292662
2027-06-13,135.7946271707218,3013294.720194672
2027-06-14,135.73212668871042,2295917.6004659287
2027-06-15,134.78921513780003,3785203.7505659983
2027-06-16,134.9089782805193,3585880.4084379687
2027-06-17,135.3671936989996,2575366.440815466
2027-06-18,132.38143514193962,7403279.519227984
2027-06-19,135.36351948783982,3013105.3935884195
2027-06-20,136.4972565384508,3923944.2511326675
2027-06-21,137.0771846483953,2090520.8323276686
2027-06-22,135.92490416272375,3975725.9525575778
2027-06-23,136.1434877102295,3621308.1398359262
2027-06-24,137.17164454595164,2708762.3841528343
2027-06-25,136.52458834993575,2663760.6435609427
2027-06-26,135.17954376809809,16718379.524361786
2027-06-27,134.73668361361177,2812631.245412246
2027-06-28,133.8799818988507,4561968.236945875
2027-06-29,133.30396170653356,3702850.733539789
2027-06-30,133.88729327556766,3540887.2366452366
2027-07-01,134.96888643839196,4067178.0324551743
2027-07-02,133.65306145042518,3576335.5118895858
2027-07-03,134.21279429422077,2983588.5904616653
2027-07-04,134.9285966708516,2837704.1724377237
2027-07-05,135.62607815429942,2661180.6555296774
2027-07-06,136.70360287129947,2286202.3122213744
2027-07-07,135.51772111864153,2817177.829324255
2027-07-08,134.48687496461218,3765114.5302212276
2027-07-09,135.4994114273938,1792750.379569706
2027-07-10,136.53970979799473,3846428.7766530868
2027-07-11,134.8637996504857,5833868.788942895
2027-07-12,134.02064135008854,3044687.100774838
2027-07-13,134.89776852827208,2123343.6439471534
2027-07-14,134.90298364935063,4675465.535401834
2027-07-15,135.74253491629338,5290102.031433549
2027-07-16,144.10800737084634,12784151.039147247
2027-07-17,136.53393592825643,2885042.869644368
2027-07-18,135.44290633074561,4119913.063386737
2027-07-19,134.71834574651538,5234007.8288509315
2027-07-20,135.07708095503145,4822862.385150042
2027-07-21,134.46940170931393,4539236.918672993
2027-07-22,135.14616019891173,4422393.080663381
2027-07-23,135.4157652183056,3290730.4739548974
2027-07-24,135.01941959876388,2085923.4672853777
2027-07-25,135.05932394131312,4148986.2254157644
2027-07-26,134.86886341503816,4383135.5308374185
2027-07-27,134.93460510184187,2197691.4817436403
2027-07-28,135.32114090957998,3237875.9188174354
2027-07-29,135.8575673635551,6708184.553235324
2027-07-30,135.4938610146796,2179702.925508228
2027-07-31,134.20688531358124,5606636.878428915
2027-08-01,133.32400267661578,2927429.3671369986
2027-08-02,133.028760002702,6537342.96420167
2027-08-03,131.53617340393197,4994216.2347706435
2027-08-04,132.57774548915827,2420980.4279527925
2027-08-05,132.8546092841781,5119621.761580982
2027-08-06,134.66159768839051,2003873.7743227482
2027-08-07,135.6035333881568,2633616.4034324014
2027-08-08,135.92876895656516,2964694.622058453
2027-08-09,136.61768212328607,2829660.9985766625
2027-08-10,137.93695449607452,3520376.634267185
2027-08-11,137.52786324297642,2683249.5070441393
2027-08-12,137.8427544460342,2386954.382196338
2027-08-13,137.81274076681527,3677913.8538748077
2027-08-14,138.0084225434976,3963048.3961148993
2027-08-15,138.26290522617023,3888642.883305525
2027-08-16,138.59905055248512,4282043.516372319
2027-08-17,139.5582653179008,5180060.507115604
2027-08-18,141.33107609867994,2501967.476346709
2027-08-19,141.06230878510615,2959809.6554246424
2027-08-20,140.14947297340177,5547281.196769156
2027-08-21,139.74038932838522,3546922.522571988
2027-08-22,140.52806178635478,8299957.518115597
2027-08-23,140.60223334071904,2355703.116787141
2027-08-24,139.26536929183868,1757162.1523970894
2027-08-25,139.7516063790428,4336818.169569882
2027-08-26,139.43344948091942,4324898.031918706
2027-08-27,139.02021043816606,4739513.0342892865
2027-08-28,138.8220257197068,3585699.2080506976
2027-08-29,138.0230169793194,3025543.5213864236
2027-08-30,137.7658868924237,2962451.641792671
2027-08-31,138.4269089386044,5266307.972732411
2027-09-01,140.4571454854568,2543536.4831304797
2027-09-02,142.16830673837825,4572421.669626411
2027-09-03,140.5984976159524,3521813.6290310463
2027-09-04,140.61767032616535,4301450.819592206
2027-09-05,141.50099050792622,2318856.701368835
2027-09-06,142.48678893627738,2207601.58689477
2027-09-07,142.14053167710426,2807455.7216557064
2027-09-08,141.59501064170902,2567502.672711777
2027-09-09,143.046449363259,3268555.14615546
2027-09-10,144.2578168203087,4129026.057413485
2027-09-11,143.61557638311555,4927915.529169272
2027-09-12,144.12780746488983,2041268.4827982576
2027-09-13,144.42324987903854,2229750.0732659693
2027-09-14,144.39288146131335,1545349.8618136877
2027-09-15,145.23475888700534,2944818.3420155984
2027-09-16,145.67286752960698,2680734.1602573427
2027-09-17,144.58295607433743,2988830.913774232
2027-09-18,143.12780044198232,3510110.741789671
2027-09-19,144.15523327471612,4518110.317691358
2027-09-20,143.62311382698752,3505638.5981884543
2027-09-21,144.29089340224255,2954263.103382061
2027-09-22,144.84647382161546,6580915.627452837
2027-09-23,146.9439842030143,2289086.9149684575
2027-09-24,146.6441662366124,3649438.7037313464
2027-09-25,147.2413504699545,2691518.434408262
2027-09-26,148.02561780139604,2486876.562017184
2027-09-27,147.95280805583684,2759050.367168037
2027-09-28,148.20056087248497,2841243.0445431583
2027-09-29,147.84984456564752,3227850.6856434904
2027-09-30,147.5769339293393,3254422.7750657825
2027-10-01,147.52737407089109,3459982.8568926463
2027-10-02,148.06970126162116,3926819.474211689
2027-10-03,149.09629713536347,2646153.1432898967
2027-10-04,147.88719615592248,2416888.523828811
2027-10-05,148.82514388048926,2498757.506147851
2027-10-06,149.3443197569839,3575018.753574649
2027-10-07,150.29831449603745,2673956.9810372167
2027-10-08,149.41143988061165,3210807.992147732
2027-10-09,148.37400154385034,3270648.3990887073
2027-10-10,148.28826175805554,4510867.36608688
2027-10-11,147.53039996862566,1740092.6012046011
2027-10-12,147.22307354222664,4931691.967332177
2027-10-13,147.11627656397388,2724695.06485183
2027-10-14,148.760224445309,6288174.157928482
2027-10-15,149.6689893851144,2677686.492966057
2027-10-16,148.73105996893523,6126874.129649643
2027-10-17,148.49244869990451,2813776.908323542
2027-10-18,150.3403856638257,4905197.5741776135
2027-10-19,148.3662539000956,2760181.943830734
2027-10-20,147.88591682797184,2403644.0248948364
2027-10-21,148.58541613650482,2140213.5986020565
2027-10-22,150.96711451581143,4677291.164794978
2027-10-23,151.61139150743222,3163262.830124923
2027-10-24,151.2295800840755,3664902.8779233
2027-10-25,150.2499070756729,1352936.7320949347
2027-10-26,152.00778351775477,2438494.40633539
2027-10-27,154.40613777831325,5309420.65283326
2027-10-28,153.47812979941358,2835840.9325490757
2027-10-29,154.24781168886287,2811948.7548932303
2027-10-30,154.49991465557935,3258557.420489888
2027-10-31,155.17056065951564,2692715.860970241
2027-11-01,156.36611451659468,3593131.0682490193
2027-11-02,157.06162173310383,4445180.566180518
2027-11-03,155.2793397939776,3721324.356622001
2027-11-04,156.3983176891943,4037172.6591060082
2027-11-05,154.09038943037007,1578820.5571334793
2027-11-06,154.28068096620416,3639237.2836768273
2027-11-07,153.3750243535608,4309907.296925688
2027-11-08,152.750279335576,3947111.7722142814
2027-11-09,152.07647163616025,5073670.588987479
2027-11-10,151.617720498408,2996182.3774465434
2027-11-11,151.8017389812512,4627977.53940109
2027-11-12,151.25980163768037,2308113.9433303154
2027-11-13,151.7722730431313,2902134.9791440396
2027-11-14,151.30399797319157,3533921.408993924
2027-11-15,148.4865320602476,2432465.525976171
2027-11-16,146.9834809848265,3015809.9294664036
2027-11-17,146.16722687907318,4181246.7092905273
2027-11-18,145.46629739912865,4627849.254105936
2027-11-19,144.53134961911172,3431952.727897843
2027-11-20,143.95461840223516,4932447.725342956
2027-11-21,144.37316685506573,2553090.984029684
2027-11-22,144.32408226174022,3218309.038091262
2027-11-23,145.5017915219938,5597215.162527826
2027-11-24,145.19801722673805,3681506.047145762
2027-11-25,144.06787607269834,4108153.7087470037
2027-11-26,144.1281931175542,3226716.527112072
2027-11-27,144.12821019608168,3643913.0637111287
2027-11-28,145.05737228480467,4163022.237247066
2027-11-29,144.6242613776175,4136462.7907187226
2027-11-30,145.76226275863314,4551536.980299981
2027-12-01,144.42091259605544,2729811.6010995293
2027-12-02,144.05679413370459,2337600.1586531405
2027-12-03,144.1896069355649,2492324.6531592505
2027-12-04,146.6398099674142,3289898.6386574632
2027-12-05,147.46993535764133,2142905.4573732964
2027-12-06,146.04541820629672,4486039.38796292
2027-12-07,146.70173068026216,5970528.037216904
2027-12-08,148.36298101088997,2730280.682012974
2027-12-09,147.8653523293314,3468960.7321238643
2027-12-10,148.24499382755738,3358673.271778306
2027-12-11,150.54324624336073,3428882.366575671
2027-12-12,152.44109266797665,2345570.4857625025
2027-12-13,151.8018079125528,5319164.197389424
2027-12-14,151.21834577366167,2940778.9610348116
2027-12-15,152.77334173663476,3774359.937071776
2027-12-16,154.00844257932908,3835035.3875550204
2027-12-17,152.85409094119788,3157601.3411948197
2027-12-18,153.55349856393502,4500011.954526325
2027-12-19,155.21585849233264,2815008.0368611976
2027-12-20,157.93056020403074,3393551.204114336
2027-12-21,157.05565403132738,3153156.74432789
2027-12-22,156.43186279282187,3733634.322967598
2027-12-23,158.21485454167336,5552967.394756916
2027-12-24,157.21399075074237,2491070.5496200374
2027-12-25,157.16924836854622,2974537.509538561
2027-12-26,157.07684589849174,2642725.999441876
2027-12-27,156.43519782858738,3068959.019354983
2027-12-28,155.7190334474352,2647190.0276043494
2027-12-29,154.809356162172,3985124.484518005
2027-12-30,154.56870805382113,5228752.852474264
2027-12-31,154.12878680133213,1928446.642865704
2028-01-01,153.44364953601385,5271838.202485824
2028-01-02,151.9259896651986,4243236.072182326
2028-01-03,153.6844863654418,3401728.317883538
2028-01-04,154.26524543519267,2186335.7726959907
2028-01-05,154.61463075331017,2627864.560397749
2028-01-06,155.60750469227764,2380387.5594545505
2028-01-07,154.68049672180493,3661559.2088133707
2028-01-08,154.75008811053354,3139973.1524181818
2028-01-09,156.30991338892045,3234406.8491106876
2028-01-10,157.80266593917622,4465470.304717882
2028-01-11,157.60619160013061,1798383.125747399
2028-01-12,158.51458069481558,3104110.5090093436
2028-01-13,158.49805472956825,2261296.4588707522
2028-01-14,159.08957538439594,1937538.005736755
2028-01-15,159.2924795423102,2383156.560080444
2028-01-16,156.93539050774797,3681259.941867592
2028-01-17,158.66966460958264,3380630.117118183
2028-01-18,159.36688472790843,3969993.195249485
2028-01-19,158.6896272795946,3611096.1977927773
2028-01-20,158.47762970141656,2954657.049280929
2028-01-21,158.43734210221564,2337380.288205998
2028-01-22,159.38648739022537,2891713.8852928323
2028-01-23,160.62251294243697,3065876.057528326
2028-01-24,161.79119716846373,3519574.126270549
2028-01-25,162.66196980836548,3620287.289001303
2028-01-26,161.59705929926426,3148705.2873388245
2028-01-27,162.37739049855074,3826512.478951092
2028-01-28,162.86945162292602,2479051.8429109417
2028-01-29,162.78843078379072,6341722.39107844
2028-01-30,162.7209863334858,4228660.863126617
2028-01-31,163.678022353197,2742403.6351708844
2028-02-01,164.504849863941,2824728.0643710145
2028-02-02,164.54642386897055,4522661.725142332
2028-02-03,162.66063603119622,4267138.646846202
2028-02-04,160.96690849816184,4535776.936737802
2028-02-05,159.513586397619,3563818.953491433
2028-02-06,159.5025949356828,2450792.066356589
2028-02-07,159.96773528504696,2168570.3246331774
2028-02-08,160.7249904478021,3487484.0569225093
2028-02-09,162.2313228620898,5067712.327137488
2028-02-10,162.73255534766545,2447382.5010620602
2028-02-11,161.1899324255699,2898369.7771489825
2028-02-12,162.658944916028,2323225.8784638876
2028-02-13,164.8662183690648,3870035.20799829
2028-02-14,166.00952246661296,2307540.3737628395
2028-02-15,166.73376705959623,2495988.755845799
2028-02-16,168.4381305091649,1574396.0199290186
2028-02-17,167.9486484854395,2195332.4875354823
2028-02-18,168.9746883213029,3060868.781172757
2028-02-19,169.29156987906487,2988082.8828090164
2028-02-20,169.17818890001743,3103955.4377936213
2028-02-21,166.64153138584007,2533885.7033660403
2028-02-22,165.4663747730914,3249742.0183012206
2028-02-23,165.9952801298964,3550017.4157854468
2028-02-24,166.953962412762,3428281.2344822567
2028-02-25,166.76581330068746,3055133.992295631
2028-02-26,167.43421911051894,2945461.5302291806
2028-02-27,167.16552074385314,4874027.817828768
2028-02-28,166.99407122027668,5133885.109787072
2028-02-29,166.33367682988924,4943085.837512471
2028-03-01,166.2853473376548,2663311.164945146
2028-03-02,166.91456305244117,2281856.0168606658
2028-03-03,167.65579898820963,3927243.2584949406
2028-03-04,168.25677387270161,4386307.896812457
2028-03-05,167.80158243675248,4740964.8518461725
2028-03-06,167.3804269847398,4512154.479106474
2028-03-07,167.36270657450189,2110814.375945942
2028-03-08,166.71070686719366,2093879.5329739468
2028-03-09,166.1818478628001,2628610.142256539
2028-03-10,166.46433551828716,5947459.756081739
2028-03-11,165.963616831445,3502374.5535810227
2028-03-12,165.8279683863177,3026421.073455864
2028-03-13,164.9167262162887,3038045.8688106663
2028-03-14,165.4395093100568,3066665.7377760694
2028-03-15,165.68717320538326,4097331.959571993
2028-03-16,166.12019948503183,1857351.960746624
2028-03-17,165.58636667073063,3751833.7650314346
2028-03-18,166.779412528686,2780420.173469449
2028-03-19,167.12079772755177,4491282.749552239
2028-03-20,167.7820455283549,7053946.401146082
2028-03-21,168.26180493350597,2264327.2145029646
2028-03-22,170.42180594841102,3999510.4227434816
2028-03-23,168.4705323418233,3527556.25523213
2028-03-24,168.73858645219164,3161638.394000698
2028-03-25,168.3880975839772,5295941.563760858
2028-03-26,167.53470336303207,4743079.956536256
2028-03-27,165.9319662684407,4176864.069330394
2028-03-28,168.1000983970668,1699638.1924177979
2028-03-29,168.17685790375822,2067938.3215609118
2028-03-30,169.62778335902095,6277341.310994767
2028-03-31,170.4887781010894,3189751.5911405534
2028-04-01,169.57040246798135,3095485.407304213
2028-04-02,169.8734859051415,2551018.353678972
2028-04-03,170.35338724449667,3629305.1889797463
2028-04-04,170.81016071676498,3699310.26550687
2028-04-05,171.59274090911165,4486131.931129114
2028-04-06,170.212286409287,1879690.404419098
2028-04-07,171.3160461137254,3411071.957726042
2028-04-08,171.9981037211585,3972601.5615344755
2028-04-09,171.88712820187516,3175960.0284800986
2028-04-10,173.2660340666593,2850517.021341944
2028-04-11,174.09684319982085,2293768.2059100387
2028-04-12,174.22687299120176,3341324.0060155173
2028-04-13,175.4857489105666,3320039.155096341
2028-04-14,175.64112482318893,4738557.259744442
2028-04-15,176.67318859182706,3099991.8234317508
2028-04-16,177.61506067522424,4714240.215762889
2028-04-17,175.88170724223426,4066468.0117886798
2028-04-18,177.75713243458216,3152654.571019103
2028-04-19,178.74187673705825,5224332.790985044
2028-04-20,179.56118708382957,3945948.3400518512
2028-04-21,179.16280111024858,3159082.1262140325
2028-04-22,180.23722629090796,3054917.955659528
2028-04-23,178.05957210984565,1801194.961744022
2028-04-24,177.94899874594876,3989872.356380758
2028-04-25,177.806411702331,2865868.7049401198
2028-04-26,178.66414078020114,2036290.8758727296
2028-04-27,177.4945365557835,2237625.7977174902
2028-04-28,173.82169733605514,6292251.134348739
2028-04-29,177.6020905210865,2463074.6438193154
2028-04-30,177.28079540599958,4418404.435027077
2028-05-01,176.45529741852562,3875742.0284587755
2028-05-02,176.68876512695056,2653343.2692391127
2028-05-03,175.6274131672884,3602530.9763895674
2028-05-04,175.37723792822635,4929748.7291865945
2028-05-05,173.49366783986625,3149516.0993160335
2028-05-06,172.35809297756197,3220138.9042810337
2028-05-07,171.68157225450312,2096205.84041655
2028-05-08,172.4462713680251,3756291.874555602
2028-05-09,171.71866602744166,3125231.4730559858
2028-05-10,170.75740839380654,2006806.62171723
2028-05-11,170.42063493665066,2987506.272773276
2028-05-12,171.3364901934997,3015558.256390422
2028-05-13,173.05056514557106,3985533.4079213766
2028-05-14,173.32772416007757,3041527.641859189
2028-05-15,172.02004280335325,2858425.928076835
2028-05-16,170.64192998538218,2300683.3598534986
2028-05-17,170.3992458627887,2923047.2255372507
2028-05-18,168.45514992274187,3431356.715364026
2028-05-19,168.67472729374347,3157508.518384908
2028-05-20,169.303335453805,2356641.8250985714
2028-05-21,167.40538125616894,2745849.8948420915
2028-05-22,166.97539663024781,3592784.515003742
2028-05-23,166.94439186782358,4039433.430587341
2028-05-24,167.83878653810024,3137580.5541565767
2028-05-25,168.41936307881673,4886644.454010801
2028-05-26,167.4505537810504,3221409.05667849
2028-05-27,169.0664785821054,3088356.2269647443
2028-05-28,168.0826350307904,2903998.2170206527
2028-05-29,168.45149084198857,2124394.3773762765
2028-05-30,168.52772467548039,3433319.6117457706
2028-05-31,169.1223172330591,6335712.956316229
2028-06-01,169.4531794621442,2130311.296685972
2028-06-02,170.90266310185007,4919249.775427983
2028-06-03,170.45151931503653,1559025.5009999315
2028-06-04,169.3997845189211,2918590.0276553542
2028-06-05,171.20764835884643,3396108.40686944
2028-06-06,171.90120153920083,3605470.055052552
2028-06-07,170.73735167588336,2146492.5577518125
2028-06-08,168.76726451312157,4139106.2852771976
2028-06-09,169.6159878356351,3390933.87891882
2028-06-10,169.03793727523535,2861876.975723051
2028-06-11,171.35573593635831,4183071.0208218847
2028-06-12,172.0329162911434,3429705.119076918
2028-06-13,172.30267403680622,3159892.5903857523
2028-06-14,173.3375698188963,3618666.0238337005
2028-06-15,175.05679496085838,2481253.684889301
2028-06-16,173.8433465543128,5387083.080094241
2028-06-17,172.79243096139274,4610080.113151074
2028-06-18,172.2738645702471,2879626.463570604
2028-06-19,181.314299328002,12677382.136246694
2028-06-20,171.79286588999966,2879945.304232877
2028-06-21,171.84823525365078,3386367.6695107617
2028-06-22,169.9224682852261,2800503.023381946
2028-06-23,170.15780030664268,3135345.8041263036
2028-06-24,170.5735195238817,2708521.3033348154
2028-06-25,169.7533826811494,3546951.573643775
2028-06-26,169.74661322377875,5780090.3698664615
2028-06-27,170.4827788869335,4886162.488662741
2028-06-28,169.58723944741928,2363078.421370928
2028-06-29,170.1911110104869,3098817.1723903143
2028-06-30,171.63858789817203,2762101.887836658
2028-07-01,173.04376287633372,2260093.0018014726
2028-07-02,171.9655943352741,3550944.915994084
2028-07-03,172.04404778932457,2891286.8944496326
2028-07-04,171.6364352295816,4067045.3576440127
2028-07-05,171.57102188559006,2005885.5818107605
2028-07-06,172.51887944896242,5114902.875574997
2028-07-07,169.36414436517595,4037331.69286973
2028-07-08,168.60672515438762,3100525.145810649
2028-07-09,179.30202124662262,13047610.072449567
2028-07-10,168.79258808046583,2965070.28173844
2028-07-11,170.897623988367,4315574.133148854
2028-07-12,171.46253404209224,3852838.2095718617
2028-07-13,172.60091400002182,5299409.768597023
2028-07-14,173.21777168373012,3970451.160977173
2028-07-15,173.3688991621417,9582949.403853212
2028-07-16,174.4056006874066,2734811.9821832725
2028-07-17,174.71289170969047,3945911.5393850445
2028-07-18,176.33919192330063,3140770.192153551
2028-07-19,177.7408544724969,3072301.556581348
2028-07-20,179.50641898713266,3254923.8344587437
2028-07-21,179.32795912469595,2994078.9092033603
2028-07-22,181.13052173537264,5127294.110870214
2028-07-23,179.0751204677111,2026219.3716121179
2028-07-24,177.52479506516627,4315240.495141578
2028-07-25,175.36413184034,2268234.153948015
2028-07-26,175.90655734796962,2849488.9994802116
2028-07-27,176.70461564495147,4099305.65328537
2028-07-28,176.50498596885404,2951684.9347036695
2028-07-29,174.78047051466342,2092837.7837725563
2028-07-30,176.59300147831945,4227832.245454407
2028-07-31,175.42579839086915,3942858.5757804755
2028-08-01,176.52347047146029,5934956.058565316
2028-08-02,181.32141902928947,2719210.514599179
2028-08-03,176.54505280576274,4022723.5259786183
2028-08-04,177.8964078356641,2285031.3078527125
2028-08-05,178.20264423068457,2691909.6495388523
2028-08-06,180.1668923681945,1898281.2085677402
2028-08-07,178.0068587025575,5471819.48502813
2028-08-08,177.9472633891995,2376224.7784854993
2028-08-09,178.26846616781566,5097056.124229622
2028-08-10,178.26731306202313,3357726.9284506747
2028-08-11,179.86613601090323,2775444.4405656205
2028-08-12,181.05257985928085,4258338.124284288
2028-08-13,181.27172933985784,3783706.753206414
2028-08-14,180.21170921676293,4140593.971492273
2028-08-15,180.87457599699016,2484398.5507776635
2028-08-16,180.8942279357816,2579260.942490272
2028-08-17,179.65553449513726,3440997.8811077117
2028-08-18,178.39959981905076,3193382.3396093883
2028-08-19,179.26424990252838,3129154.711638982
2028-08-20,178.43472395564686,2398310.1675112066
2028-08-21,179.60166518277254,4161174.380397365
2028-08-22,179.9320801269991,5051194.023726624
2028-08-23,179.2845606657409,3154274.6692871586
2028-08-24,178.93394389144856,2112908.8459572652
2028-08-25,180.43965572901433,3799076.9799781474
2028-08-26,177.88402140148847,3791929.9058962204
2028-08-27,178.11037124237077,2503296.7545270105
2028-08-28,178.39505613071546,2866640.274884216
2028-08-29,180.30118651687067,2675631.5582356793
2028-08-30,179.34309306368584,4520782.8043784
2028-08-31,179.86532898134033,6289374.663935578
2028-09-01,180.50818064574645,4817895.437853144
2028-09-02,179.59406891454609,4149362.3470770326
2028-09-03,178.55637953154672,2287516.160835723
2028-09-04,178.15522165223007,3316334.7533344664
2028-09-05,179.0794701326938,3122374.1787965805
2028-09-06,179.21639352145934,3845991.3896010146
2028-09-07,179.02983750353837,3355200.2589493017
2028-09-08,179.41744448017567,3318726.236446376
2028-09-09,180.16118239792598,3766202.232227099
2028-09-10,181.38127240621645,3235257.6935340664
2028-09-11,180.82108714930297,2994758.0247953744
2028-09-12,180.70808965231475,4072049.894621728
2028-09-13,181.34267635913193,2973476.570855397
2028-09-14,189.43610668206378,6194549.662022352
2028-09-15,184.31397041717543,2330003.3951792708
2028-09-16,187.07953695587952,3570199.8874546066
2028-09-17,186.01432994595865,5653283.972392407
2028-09-18,186.81630617325953,4775865.18435224
2028-09-19,185.07092733222152,2748859.5497906315
2028-09-20,184.90063835056372,3675188.9101763354
2028-09-21,185.6979977069074,2407647.0436714115
2028-09-22,186.54246811797037,5020692.943485719
2028-09-23,185.76793801957555,2559908.137145201
2028-09-24,185.39408503057757,2429019.9626313397
2028-09-25,185.2362296316775,2647267.271433039
2028-09-26,185.70528511361277,2424451.087536181
2028-09-27,184.51621588440292,4230277.033181058
2028-09-28,185.81100856083577,5431760.7571028825
2028-09-29,184.3338149299904,4045511.2745147045
2028-09-30,183.79508647422318,2537023.9161285465
2028-10-01,184.2715133825767,2750658.2798145865
2028-10-02,184.4357642097719,3858163.4894886576
2028-10-03,183.13460303670624,3463279.747484851
2028-10-04,184.0268847610825,2451069.260127052
2028-10-05,186.02407820636614,3066541.277614213
2028-10-06,187.87581842380786,9249319.865548544
2028-10-07,188.50756629310143,4247112.8140314305
2028-10-08,188.749789977714,3127971.1154677575
2028-10-09,189.76992076281542,3173162.5090752714
2028-10-10,188.41838102901127,3220505.918211116
2028-10-11,188.37712266120104,3739242.5963359335
2028-10-12,190.1702632860214,4368813.241174759
2028-10-13,189.3686568463276,2651526.8394866837
2028-10-14,188.2560214914942,2704211.0660211127
2028-10-15,188.75289285069925,2984251.1732367915
2028-10-16,188.66849117015363,3627750.2443153565
2028-10-17,187.7771934108382,3971466.520691118
2028-10-18,187.8787727323044,5361218.301771953
2028-10-19,187.52144777761026,4759382.795424765
2028-10-20,185.4663735069978,3008853.3950683
2028-10-21,184.14938760235867,2671367.499337435
2028-10-22,183.26928826373444,2378971.9368537823
2028-10-23,184.19663099332368,3960575.2836300572
2028-10-24,183.8088938824494,4701318.87280684
2028-10-25,184.79577852615458,2826823.9839691417
2028-10-26,184.57229774048318,13903953.278017046
2028-10-27,184.0927774261701,2995343.020709557
2028-10-28,184.1247611339465,3275727.650015341
2028-10-29,185.00439590462202,4236979.660003022
2028-10-30,184.73316960212398,1978700.603000995
2028-10-31,184.70239296379037,3023660.664018655
2028-11-01,183.78509093269022,11131532.02104499
2028-11-02,183.12163547213135,2548070.1998311672
2028-11-03,182.01927958616048,4401220.331174575
2028-11-04,182.97153937781007,3528262.516099053
2028-11-05,183.2893076060869,3485667.2401905935
2028-11-06,179.93216569490846,8704552.017778117
2028-11-07,182.39384842056205,4797910.657269948
2028-11-08,183.6021860659643,1989486.455317061
2028-11-09,184.079371230495,12435410.42934759
2028-11-10,185.37991979060956,2492367.6704504816
2028-11-11,186.69436779607574,2668043.366399977
2028-11-12,185.7722591782503,3819864.2408714755
2028-11-13,185.814401241744,6253403.160841558
2028-11-14,185.55453676478356,2909659.15887393
2028-11-15,187.26309605479918,2154617.6537741674
2028-11-16,186.8320035888351,3364232.7636415847
2028-11-17,187.09758361860332,5636393.372536085
2028-11-18,187.27316947085552,2704409.1745655974
2028-11-19,185.87290703098284,3318155.123394936
2028-11-20,184.68300825707186,4200138.069277882
2028-11-21,184.03311417938409,4366765.151045171
2028-11-22,183.1899779061775,3601873.592378852
2028-11-23,184.16744995475602,2128024.379311793
2028-11-24,182.9746447810232,3286976.7227136437
2028-11-25,183.51277310000182,4240513.234530727
2028-11-26,184.652479617962,2975696.9533022875
2028-11-27,184.04542435694236,4125149.846838608
2028-11-28,183.94771685483408,3651125.26315202
2028-11-29,185.84703308841205,2855193.021591524
2028-11-30,186.3668730462904,2498039.098360871
2028-12-01,187.5284611166145,3260079.142993922
2028-12-02,186.9380673453441,3848151.1850289083
2028-12-03,187.33465775981858,1795039.6687344427
2028-12-04,187.4529698822255,4139443.605194307
2028-12-05,187.1925269741963,3019128.266906241
2028-12-06,186.09312860509147,2922454.0260520177
2028-12-07,185.67187390686405,5077302.068744167
2028-12-08,185.99323277243383,5857507.773773922
2028-12-09,186.78442993764912,3774674.4363903664
2028-12-10,187.04942220341064,2822062.4819839806
2028-12-11,186.42645635648302,1783812.5122812525
2028-12-12,187.21496087088605,1718232.1434766306
2028-12-13,186.9028304863899,2990135.7728684465
2028-12-14,188.0940637244339,2732456.0667243064
2028-12-15,188.80778955850462,3950219.205517379
2028-12-16,189.0561013707157,3609708.057822023
2028-12-17,189.1477870513437,2996777.8203737163
2028-12-18,189.3928547597125,2096564.400046072
2028-12-19,189.79888942334193,1901046.0125587161
2028-12-20,190.13342265267482,3555780.650839432
2028-12-21,189.3416823889542,2486649.1355093988
2028-12-22,190.23071436725817,2056918.5715756388
2028-12-23,190.64672775827523,2681857.9692731667
2028-12-24,190.67993398773527,4457362.740457479
2028-12-25,189.95143348955966,3609036.90873884
2028-12-26,189.0626216496475,5390176.49365464
2028-12-27,189.37265232247276,1648720.2793101533
2028-12-28,189.34670358250963,3555936.450948354
2028-12-29,188.47257848083467,3728797.865848905
2028-12-30,188.8772272592206,3183956.2468939796
2028-12-31,189.11110900565745,4578940.5939447
2029-01-01,190.17962968940304,3216244.9577803337
2029-01-02,189.315227645488,4628522.777724268
2029-01-03,190.02172914924242,2176795.098500181
2029-01-04,189.33421379057108,3878198.485340235
2029-01-05,190.902423596887,2335043.558430009
2029-01-06,191.84702312756397,4215723.839718227
2029-01-07,191.6315386526049,2435432.3954958753
2029-01-08,191.36319690749264,2745074.4767612247
2029-01-09,190.57654036786033,3442109.8766864613
2029-01-10,192.21702002132207,5624184.993532139
2029-01-11,194.14197631805942,2573238.731412472
2029-01-12,191.69805086063116,3497470.5843042545
2029-01-13,192.85465735267877,4116584.4050941244
2029-01-14,192.04160660157402,4010481.356138713
2029-01-15,192.69830641421888,6321563.270193352
2029-01-16,192.71008040875367,4417930.835318055
2029-01-17,192.09236884394977,2237034.069279425
2029-01-18,192.04838851754283,3171806.8461144054
2029-01-19,192.64964050731567,3302332.4237593603
2029-01-20,193.16541532656174,3750509.836250963
2029-01-21,193.72769005593685,4300662.883773302
2029-01-22,191.96877963393993,4586221.202344448
2029-01-23,193.52107730594236,3118713.768117586
2029-01-24,194.31476370011728,2654066.71168638
2029-01-25,194.37677881575058,5401909.693425681
2029-01-26,194.23296353925588,3332879.910971568
2029-01-27,196.16249755604827,4437891.353655397
2029-01-28,195.59704641224818,2999791.3799464167
2029-01-29,196.19349261126922,1867539.8482451623
2029-01-30,195.11774409384282,3418574.9664148036
2029-01-31,195.79973512043833,2604879.6519627282
2029-02-01,193.94391849191751,1733270.2085998098
2029-02-02,193.14935193893206,3164267.289316876
2029-02-03,193.91785786675848,2646106.4895010483
2029-02-04,194.44263607911722,3015661.1830068305
2029-02-05,195.1796758854647,4760786.447859691
2029-02-06,196.09053780965377,2883566.2905761166
2029-02-07,195.14508966140693,4132092.87537472
2029-02-08,195.76000663590884,1477699.7937286827
2029-02-09,197.05464873926493,4444584.354811851
2029-02-10,197.94445271726948,2853337.850985156
2029-02-11,196.8802627913375,4775664.292257155
2029-02-12,197.30288726309715,3511693.7953969045
2029-02-13,215.04777680993342,18495115.43733348
2029-02-14,196.8538728343168,5163937.485837784
2029-02-15,197.5909436876048,3460002.432569863
2029-02-16,196.42679850478925,1962287.833949423
2029-02-17,195.63563402676948,1885608.5706272295
2029-02-18,195.212361248719,2936000.635947426
2029-02-19,196.4088107394366,4179372.0088073662
2029-02-20,195.01426964277505,4161159.476714514
2029-02-21,193.8821773115603,3762712.618797785
2029-02-22,193.65540471452582,2773799.5907073068
2029-02-23,194.40406845851112,4367623.933305559
2029-02-24,197.00747026196677,3354960.7779056984
2029-02-25,196.46312937950256,2898021.9193831524
2029-02-26,197.09862010110663,3324772.0734185064
2029-02-27,196.27524592706817,2699817.321317105
2029-02-28,194.05846307399628,1905297.3129643044
2029-03-01,194.05173076408977,4015438.8302335795
2029-03-02,192.42990755656788,3464632.073091266
2029-03-03,193.25461952177818,4058560.885029412
2029-03-04,194.02402680377054,3098403.3818214587
2029-03-05,193.563946749972,4109626.4206876634
2029-03-06,195.27692518724973,3488029.123157184
2029-03-07,194.1810192923578,3183223.664295575
2029-03-08,193.91148295994245,4116982.898964009
2029-03-09,192.44379955656794,4053149.2679358725
2029-03-10,192.31621358067014,3659121.206771308
2029-03-11,192.01161870400267,1991975.6667917243
2029-03-12,192.08497558474747,3825769.3132060347
2029-03-13,190.51317000715068,1973073.5025361027
2029-03-14,191.94931581656652,3938016.7532014525
2029-03-15,193.1409100451623,3589038.13470092
2029-03-16,193.37457063361194,2880553.492577585
2029-03-17,192.62772052030607,3806888.439867326
2029-03-18,193.13966124351674,5283995.808804991
2029-03-19,192.42753492781688,4715903.527005292
2029-03-20,193.3395653614605,5597675.347751331
2029-03-21,191.39010047929253,3591094.457551118
2029-03-22,191.4647370945867,4804839.20811347
2029-03-23,191.2006375546252,3349544.941332284
2029-03-24,191.68097700517478,2281650.8251304813
2029-03-25,191.23991709575546,2802361.1968856
2029-03-26,189.73055074321957,6668079.729895862
2029-03-27,188.1393163261814,2920268.3042076034
2029-03-28,188.40776123498208,2589569.4543014104
2029-03-29,188.10794140118736,2666256.951559905
2029-03-30,188.7595193115448,2273651.5531792645
2029-03-31,189.26460166267265,2946699.054474454
2029-04-01,190.79764977229829,2541666.523112393
2029-04-02,192.0803586473539,2899201.35266807
2029-04-03,192.22304065094534,3774005.6258527925
2029-04-04,190.59453826886715,2965754.5955685005
2029-04-05,189.59646034015236,3632578.262422591
2029-04-06,190.7070254293348,1836630.2925836158
2029-04-07,190.30224934240238,2888049.4866017397
2029-04-08,189.19502638168296,3590734.0596211674
2029-04-09,188.568629233695,2399704.7360560275
2029-04-10,188.14426520927088,1999003.0814732837
2029-04-11,189.31575102378739,2053995.6688874287
2029-04-12,189.72964938782815,4249415.496332734
2029-04-13,188.43886766536986,4408888.23946038
2029-04-14,189.78773618152636,1973810.0852738197
2029-04-15,188.83333366877292,2625881.7584053315
2029-04-16,189.39602297094675,5073500.387605799
2029-04-17,189.34432473624364,4149168.4865674307
2029-04-18,189.86209183482293,2303781.755336882
2029-04-19,188.68469962379268,4211521.575728647
2029-04-20,188.57136521078974,4779016.184901658
2029-04-21,188.40859098557706,2474259.4773388947
2029-04-22,188.84561761724228,3769419.1708785286
2029-04-23,189.5560428377635,2063650.3509008184
2029-04-24,187.75550649869962,4493104.504113025
2029-04-25,187.28891513334895,3749227.412687638
2029-04-26,187.7202647009825,4340495.588582
2029-04-27,186.34496224106528,4453315.218451969
2029-04-28,185.4945709888587,2401212.76666612
2029-04-29,185.93479379028696,2358515.4249103456
2029-04-30,186.47439773914095,3160864.893259524
2029-05-01,186.56635967544423,4220129.247863369
2029-05-02,186.67345052672044,4624365.455791011
2029-05-03,186.9964125489203,3890193.9829230276
2029-05-04,186.9306544058586,2515454.137828106
2029-05-05,187.00588005350602,3838816.0398127516
2029-05-06,187.37677524420945,5611155.082199672
2029-05-07,187.09432261862946,2666009.457788116
2029-05-08,187.56015873566326,13677053.83237742
2029-05-09,188.8038226916164,3240889.6835558866
2029-05-10,186.7298690294495,3073837.204777509
2029-05-11,187.53298846705565,3536790.6983687636
2029-05-12,185.79376179666724,4251480.310901525
2029-05-13,184.67176156960917,2708322.517869352
2029-05-14,186.335717846303,2580856.344577967
2029-05-15,185.82267073909787,3739043.919047623
2029-05-16,186.0418309223714,2925208.9607240004
2029-05-17,186.51514857288274,3343747.849416253
2029-05-18,187.15902627818997,3770010.0650918907
2029-05-19,185.70225865976175,3509103.3741912204
2029-05-20,184.06734428516432,4923306.593154728
2029-05-21,184.9951699629318,2711499.8824784327
2029-05-22,185.46128290334678,4103666.4435368697
2029-05-23,185.62512005212244,3521170.972319921
2029-05-24,186.92862637017748,3214987.3463829495
2029-05-25,186.4108678119954,3182080.947244474
2029-05-26,186.72132280250992,5116155.846922366
2029-05-27,186.01571925210982,3113619.4388796454
2029-05-28,186.53375194159736,2835427.0456351424
2029-05-29,187.58063963665043,1548471.3624505212
2029-05-30,188.5009836332951,6719830.755381726
2029-05-31,185.33003862384666,4348083.487920976
2029-06-01,185.59266677523186,1931023.8204085475
2029-06-02,183.6065660758672,3337702.024027602
2029-06-03,183.8384474234761,3530191.7227540924
2029-06-04,183.44488605077066,2170104.905253804
2029-06-05,183.76249751185134,2639718.036059084
2029-06-06,184.77244442903861,4291880.514392117
2029-06-07,183.85114441258193,4742728.580047517
2029-06-08,182.12396967205592,4447612.11265172
2029-06-09,182.25233424381372,2806507.0037169494
2029-06-10,184.16037540551378,2804388.7711344636
2029-06-11,183.05144315845024,1928890.8936868396
2029-06-12,181.7053882422365,2205647.2569610598
2029-06-13,181.3067657965835,4060346.9031279245
2029-06-14,180.44882775203217,2755586.860398888
2029-06-15,180.65307028806413,3527153.035222517
2029-06-16,180.7433527836572,3843266.173394399
2029-06-17,179.49716121366177,3901200.5870550144
2029-06-18,181.4868238454984,3364130.5290839784
2029-06-19,180.43056257150246,3297304.587843203
2029-06-20,180.323100856903,2729040.1762346523
2029-06-21,180.37056869330573,4310357.1457938105
2029-06-22,180.92823918029717,3634524.1346433233
